Ref,x,y,Connectivity,Isovist Area,Isovist Compactness,Isovist Drift Angle,Isovist Drift Magnitude,Isovist Max Radial,Isovist Min Radial,Isovist Occlusivity,Isovist Perimeter,Point First Moment,Point Second Moment,Visual Clustering Coefficient,Visual Control,Visual Controllability,Visual Entropy,Visual Integration [HH],Visual Integration [P-value],Visual Integration [Tekl],Visual Mean Depth,Visual Node Count,Visual Relativised Entropy
65541,-708,-528,119,459.93143,0.18429537,15.740795,17.513109,66.480675,0.046041448,79.449837,177.09009,2385.9966,74748,0.64463753,1.1089866,0.40893471,1.689743,6.0884738,0.98067594,0.88406748,1.9974748,397,1.9125583
65542,-708,-526,134,519.72449,0.16034533,7.9102068,20.87825,77.86525,0.56495285,98.387337,201.81961,3165.239,121360,0.61025697,1.2699009,0.4379085,1.5396646,6.8128815,1.0973569,0.90100867,1.8914142,397,1.9582123
65543,-708,-524,143,554.90906,0.12922831,2.0727901,23.161472,91.931091,0.56495285,94.922958,232.29347,3622.8171,150960,0.57756329,1.3791327,0.42307693,1.4442035,7.7081637,1.2415609,0.92037886,1.7878788,397,1.9470676
65544,-708,-522,127,511.2543,0.11803427,355.66415,19.911285,91.711868,0.56495285,110.11331,233.30249,2623.1641,84452,0.62404698,1.1881765,0.4364261,1.6986582,6.2143335,1.0009483,0.88710338,1.9772727,397,1.8916409
65545,-708,-520,104,397.89514,0.18670629,343.04089,13.485408,56.88908,0.56495285,60.750221,163.64764,1601.1372,36396,0.66392833,0.99387109,0.36619717,1.6799939,5.7672591,0.92893767,0.87612516,2.0530303,397,1.9611387
65546,-708,-518,98,378.04117,0.15472829,346.17929,12.953373,57.281597,0.56495285,94.887222,175.2224,1515.0079,35200,0.59457183,1.0116854,0.32775921,1.5771085,5.9824557,0.9635995,0.88147765,2.0151515,397,2.015902
65547,-708,-516,110,413.20355,0.12406893,347.56732,15.203962,71.507072,0.56495285,101.52937,204.57635,1955.5299,54104,0.54895747,1.1875036,0.35143769,1.5418249,6.4303398,1.0357406,0.89221984,1.9444444,397,1.9903884
65548,-708,-514,88,342.44116,0.25426766,329.11292,12.248364,36.212006,0.56495285,45.05645,130.09253,1251.5679,22164,0.64341694,0.94358301,0.34108528,1.7099063,5.2055135,0.83845675,0.86149174,2.1666667,397,2.0217862
65549,-708,-512,84,314.18234,0.29271883,320.00986,12.730625,30.17104,0.56495285,39.694935,116.13697,1237.9121,21960,0.65031552,0.90104425,0.3255814,1.6998893,5.160831,0.83125967,0.86028302,2.1767676,397,2.0365117
131076,-706,-530,98,397.64343,0.24037559,31.558376,11.982785,48.344189,0.048083674,58.279625,144.18054,1334.5571,22704,0.77487904,0.89793855,0.35636362,1.6847337,5.5670071,0.89668286,0.87102306,2.090909,397,1.986058
131077,-706,-528,113,447.33633,0.19790998,18.421371,14.722014,60.418537,1.5133131,74.497177,168.53426,1929.9072,52536,0.66972184,1.0415311,0.38831615,1.6808785,5.9973745,0.96600252,0.88184392,2.0126262,397,1.9302307
131078,-706,-526,133,516.82312,0.16320321,8.7256365,18.839363,75.145554,2.5111759,97.360893,199.4856,2874.4182,104420,0.61460471,1.2527032,0.43464053,1.5387521,6.7936358,1.0942571,0.90057439,1.8939394,397,1.9608029
131079,-706,-524,142,553.72339,0.13090366,2.1447322,21.205673,89.939743,2.5649529,92.675903,230.55548,3362.6338,134676,0.58775347,1.3627651,0.42771083,1.4677864,7.5390191,1.2143166,0.91683668,1.8055556,397,1.942847
131080,-706,-522,127,510.93738,0.12065448,355.1221,18.329674,89.719475,2.5649529,108.92321,230.68378,2438.9016,75532,0.63229597,1.1784064,0.4364261,1.6986582,6.2143335,1.0009483,0.88710338,1.9772727,397,1.8916409
131081,-706,-520,92,356.13779,0.25639409,334.02661,9.5669813,41.607979,2.5649529,45.397785,132.11739,1081.8761,17320,0.73315817,0.87902802,0.33576643,1.6726912,5.4782395,0.88238496,0.86872202,2.1085858,397,2.0082479
131082,-706,-518,76,296.87839,0.33440667,318.08469,8.2406225,24.396112,2.5649529,39.586361,105.62257,788.24335,10556,0.74982458,0.78375244,0.296875,1.6793916,5.0524101,0.81379622,0.85732043,2.2020202,397,2.0705812
131083,-706,-516,99,385.08005,0.12714387,349.10339,12.968946,67.582726,2.5649529,93.989746,195.08897,1575.1046,41100,0.55967844,1.0827688,0.31730768,1.5178584,6.230433,1.0035415,0.88748872,1.9747474,397,2.0340219
131084,-706,-514,87,330.31238,0.083750382,333.67899,11.26926,82.805206,2.5649529,139.10229,222.62502,1216.1234,26236,0.61507618,0.94943571,0.30208334,1.5528337,5.6989269,0.91793132,0.8743977,2.0656567,397,2.0760717
131085,-706,-512,81,295.4072,0.2907497,315.71555,10.748741,28.300154,0.67943555,38.891579,112.99412,1082.9003,17800,0.65123457,0.87298691,0.31395349,1.6917013,5.1278191,0.82594246,0.85938543,2.1843433,397,2.0481865
196612,-704,-530,98,392.59256,0.21323314,38.744312,10.016725,45.332493,1.2487209,64.328819,152.1068,1215.3635,18888,0.78308439,0.89813858,0.37984496,1.7061938,5.3562298,0.86273277,0.86551803,2.1338384,397,2.0041428
196613,-704,-528,110,435.48303,0.21270283,22.280132,12.029119,54.363899,2.8482428,69.879837,160.39984,1641.3523,39168,0.67956632,1.0117702,0.37800688,1.6757354,5.9528394,0.95882922,0.88074875,2.0202019,397,1.9397162
196614,-704,-526,134,513.90662,0.16557446,9.7798843,16.788019,72.427567,4.3396707,96.56736,197.49239,2746.6924,97216,0.61463362,1.2567563,0.4379085,1.5396646,6.8128815,1.0973569,0.90100867,1.8914142,397,1.9582123
196615,-704,-524,144,552.78278,0.13232899,2.2377322,19.239468,87.948914,4.2260876,90.64856,229.1156,3265.4661,127448,0.58925796,1.377256,0.43373495,1.46978,7.5865841,1.2219779,0.91783792,1.800505,397,1.9371437
196616,-704,-522,127,511.26166,0.12313907,354.51776,16.806248,87.7285,2.8061175,108.02363,228.4171,2310.937,69208,0.63842022,1.171355,0.4364261,1.6986582,6.2143335,1.0009483,0.88710338,1.9772727,397,1.8916409
196617,-704,-520,80,313.88199,0.4438518,317.55615,6.6892886,22.916153,2.3738453,27.006977,94.269051,756.63611,9020,0.8294304,0.76704144,0.3137255,1.6678572,5.1169086,0.82418513,0.85908794,2.1868687,397,2.0707457
196618,-704,-518,58,231.83398,0.4508945,291.26111,5.7982478,20.794376,2.3738453,25.498209,80.381485,484.56082,5216,0.87174833,0.60114866,0.24369748,1.6492635,4.6788855,0.75363231,0.84677178,2.2979798,397,2.1631341
196619,-704,-516,94,350.3772,0.1303208,353.60239,10.930522,63.636749,2.3839588,86.901672,183.80865,1374.1052,33000,0.56257147,1.0307986,0.30420712,1.5138012,6.1039267,0.98316497,0.88444245,1.9949495,397,2.0532625
196620,-704,-514,82,315.75885,0.096100293,340.11328,10.354716,73.713676,2.6794355,120.31909,203.19843,1137.9546,27752,0.58536583,0.91424823,0.26885247,1.4876658,5.8657246,0.94479758,0.87859052,2.0353534,397,2.106786
196621,-704,-512,74,276.64505,0.28565189,311.0285,8.867301,26.474882,0.67943555,38.506931,110.31837,884.1864,13184,0.65716404,0.8079505,0.28793773,1.6716683,5.0418177,0.81209016,0.85702866,2.2045455,397,2.0783808
262147,-702,-532,106,421.33386,0.28368083,53.481464,11.733459,42.843323,0.64020151,43.701439,136.6165,1493.4558,27260,0.73099732,0.98427308,0.37588653,1.6334895,5.8514528,0.9424988,0.87823492,2.0378788,397,1.9902011
262148,-702,-530,104,413.53513,0.24581324,46.036514,9.8481245,42.743778,2.4493582,55.813484,145.39803,1315.7937,22584,0.73058254,0.96683455,0.36619717,1.6260852,5.8514528,0.9424988,0.87823492,2.0378788,397,1.9955094
262149,-702,-528,107,424.00467,0.20488118,28.468281,9.3972569,51.953087,4.0488801,70.902519,161.26466,1373.3304,27016,0.70287424,0.98434067,0.38214287,1.6933217,5.7534618,0.92671531,0.87577748,2.0555556,397,1.9533827
262150,-702,-526,134,509.66379,0.16719866,11.207286,14.631996,69.711433,5.5090795,93.654182,195.71785,2557.7742,86040,0.61519468,1.2546823,0.4379085,1.5396646,6.8128815,1.0973569,0.90100867,1.8914142,397,1.9582123
262151,-702,-524,144,552.25122,0.13337974,2.3653581,17.261179,85.958649,3.51631,88.927933,228.10161,3091.5952,116316,0.58925796,1.377256,0.43373495,1.46978,7.5865841,1.2219779,0.91783792,1.800505,397,1.9371437
262152,-702,-522,128,512.42029,0.1253126,353.85132,15.349622,85.739334,1.5423731,107.56927,226.68393,2333.5996,75596,0.62746066,1.1976534,0.43097642,1.6865312,6.3288083,1.0193869,0.88982934,1.9595959,397,1.8867335
262153,-702,-520,52,200.08647,0.54698169,258.90302,3.7663777,16.933056,0.37384525,21.226864,67.799644,391.03497,3472,0.94343889,0.5227657,0.2300885,1.7769849,4.3176789,0.69545245,0.83601171,2.4065657,397,2.1326325
262154,-702,-518,40,148.06865,0.5614658,234.27211,4.3446341,15.823132,0.37384525,18.295258,57.567165,284.74982,2456,0.99615383,0.40636882,0.18018018,1.7223387,4.1971154,0.67603314,0.83228368,2.4469697,397,2.2038326
262155,-702,-516,87,313.77625,0.13997871,2.4871113,9.5164833,57.795139,0.43344954,76.654999,167.83556,1253.3303,30480,0.55653566,0.97073466,0.28155339,1.4914343,5.9973745,0.96600252,0.88184392,2.0126262,397,2.0859213
262156,-702,-514,83,302.80457,0.1019695,348.83252,9.899991,69.513336,2.2506251,111.2559,193.17503,1233.3654,34008,0.54833972,0.94226801,0.26602563,1.4663389,5.9824557,0.9635995,0.88147765,2.0151515,397,2.1093247
262157,-702,-512,74,266.82178,0.18316264,308.69406,7.6164532,36.590694,0.67838895,63.677883,135.29979,866.10931,13080,0.63235837,0.80536681,0.26714802,1.6342622,5.2624664,0.8476302,0.86302233,2.1540403,397,2.0715361
262166,-702,-494,25,112.41914,0.46383241,19.683556,7.6115837,15.654833,1.6301521,17.097219,55.187984,222.73074,2368,0.89666665,0.54248685,0.26595744,1.8628703,2.9912279,0.48179975,0.79014277,3.030303,397,2.4475026
262167,-702,-492,20,86.754326,0.47495809,353.28558,6.7275081,15.03679,0.93096673,15.378225,47.909637,167.20387,1716,0.89473683,0.44696161,0.21276596,1.8420323,2.9727407,0.47882202,0.78941119,3.0429294,397,2.4681199
262171,-702,-484,26,100.98865,0.43244326,339.37195,8.1176968,19.015842,0.89573234,22.779827,54.172222,238.18257,2576,0.94769233,0.49838984,0.27659574,1.8664169,2.9949529,0.48239976,0.79028982,3.0277777,397,2.4439912
327683,-700,-532,106,418.94592,0.3069784,61.70919,10.649179,39.921741,1.4452282,45.260216,130.95738,1447.7479,25944,0.73872417,0.97402114,0.37588653,1.6334895,5.8514528,0.9424988,0.87823492,2.0378788,397,1.9902011
327684,-700,-530,103,418.72375,0.27336496,54.210049,9.0293217,40.141693,3.2760565,49.571362,138.7386,1255.7473,20804,0.75195128,0.9292953,0.36524823,1.6277608,5.809051,0.93566906,0.87717491,2.0454545,397,2.0001361
327685,-700,-528,106,423.29733,0.16116822,38.437416,7.9420867,44.59203,5.1068845,93.35759,181.672,1291.1874,23376,0.70404315,0.95946026,0.35451505,1.5961499,6.1039267,0.98316497,0.88444245,1.9949495,397,1.9851166
327686,-700,-526,126,494.57925,0.16622438,12.171968,12.674571,66.997307,5.4963803,97.328461,193.36395,2234.5828,70476,0.64711112,1.1435124,0.41311476,1.5334336,6.6435003,1.0700746,0.8971585,1.9141414,397,1.9804201
327687,-700,-524,139,535.49713,0.13218784,1.4593953,15.854638,83.968994,3.4963803,94.110626,225.62527,2879.6694,103120,0.6199562,1.2946111,0.45573771,1.5456605,6.8909659,1.1099341,0.90276235,1.8813131,397,1.9465033
327688,-700,-522,116,476.51953,0.12678242,351.16885,15.541508,83.752525,1.4963804,112.00078,217.32805,2197.7766,73776,0.69685155,1.0309044,0.39590445,1.5454388,6.2628832,1.0087682,0.88826352,1.969697,397,2.0158546
327691,-700,-516,58,214.41469,0.15897049,19.018677,14.01003,51.997475,0.21935867,64.571999,130.18889,868.53345,20864,0.79007864,0.66654617,0.21886793,1.6292447,4.9080553,0.79054493,0.8533085,2.2373738,397,2.1359658
327692,-700,-514,67,245.2347,0.10382336,6.4657116,12.40283,64.954453,2.2193587,98.250366,172.28535,1062.4305,31748,0.63274539,0.78350657,0.21967213,1.4260988,5.658699,0.91145176,0.87337422,2.0732324,397,2.1890478
327693,-700,-512,63,236.15707,0.18989988,319.43839,6.8153477,33.661053,0.67695916,60.980019,125.00951,706.05627,10548,0.66410649,0.68124092,0.23076923,1.5997047,5.0952268,0.82069278,0.85849547,2.1919191,397,2.1279109
327702,-700,-494,36,141.04886,0.4902114,36.940434,6.3885083,14.72976,1.8942626,14.964034,60.130943,295.41971,2912,0.86666667,0.78331417,0.38297874,1.8917892,3.0327203,0.48848298,0.79177332,3.0025253,397,2.4188025
327703,-700,-492,26,114.52196,0.44792801,5.0624204,5.281848,13.209803,0.93098575,16.779734,56.682003,188.01312,1664,0.88307691,0.55735862,0.27659574,1.8664169,2.9949529,0.48239976,0.79028982,3.0277777,397,2.4439912
327706,-700,-486,22,87.987549,0.42704523,358.55423,5.3378267,14.890265,0.93322921,19.710651,50.883694,143.60156,1116,0.97402596,0.4286797,0.24719101,1.8347661,2.9581146,0.47646618,0.7888301,3.0530303,397,2.4822562
327707,-700,-484,35,134.31348,0.41958308,323.24994,7.3771772,20.410824,1.4298456,20.504993,63.424309,300.67883,3252,0.9277311,0.69428509,0.37234041,1.8900322,3.0289006,0.48786777,0.79162383,3.0050504,397,2.4205549
393219,-698,-532,102,413.97287,0.32959738,71.553772,9.7717028,36.864998,1.9548463,42.161549,125.63163,1292.8767,20976,0.77305377,0.91020453,0.36170211,1.6257398,5.7950535,0.93341446,0.8768239,2.0479798,397,2.0035501
393220,-698,-530,103,414.3056,0.3007423,64.841179,7.9993267,37.119339,3.9125896,46.206371,131.57339,1224.1044,19764,0.75747192,0.92303765,0.36524823,1.6277608,5.809051,0.93566906,0.87717491,2.0454545,397,2.0001361
393221,-698,-528,103,417.95953,0.1770007,51.433392,6.5899343,40.140923,5.8703332,80.688217,172.26004,1144.4686,17772,0.74452692,0.92282784,0.34563759,1.5894161,6.0578012,0.97573555,0.88332134,2.0025253,397,1.9962888
393222,-698,-526,128,491.08508,0.12035124,15.13682,11.176093,64.2854,5.4963803,127.79256,226.44254,2185.7593,64984,0.62524605,1.1690561,0.39506173,1.479643,7.0526309,1.1359736,0.90635204,1.8611112,397,1.9788499
393223,-698,-524,134,520.00006,0.13285884,0.40701237,14.621954,81.980026,3.4963803,94.140602,221.77438,2730.9504,95340,0.65469646,1.2151458,0.44224423,1.5462843,6.7554693,1.0881096,0.89971077,1.8989899,397,1.9597566
393224,-698,-522,117,472.39578,0.13148382,350.34052,14.715711,81.768837,1.4963804,109.92481,212.48183,2258.5786,78988,0.68552905,1.0472587,0.37741935,1.5064234,6.5708938,1.0583798,0.8954882,1.9242424,397,2.0086997
393227,-698,-516,60,217.27063,0.17815645,22.381033,12.290917,46.67392,0.21935867,59.001991,123.79545,859.13153,19336,0.77740115,0.6920622,0.2264151,1.63832,4.9281702,0.79378486,0.85387224,2.2323232,397,2.1247451
393228,-698,-514,64,236.90082,0.11581963,9.9221573,11.916029,60.406315,2.2193587,86.046677,160.32347,978.49078,27060,0.69295633,0.74759901,0.22068965,1.5194788,5.3562298,0.86273277,0.86551803,2.1338384,397,2.1535971
393229,-698,-512,60,225.68924,0.21061085,325.52252,6.7154813,30.774014,0.67552936,53.817467,116.04327,660.61371,9700,0.70282483,0.66044366,0.21978022,1.5862556,5.0630465,0.8155095,0.85761297,2.1994948,397,2.1447713
393237,-698,-496,27,109.2586,0.46797681,78.439034,7.3759847,15.510732,0.56352061,22.173702,54.16523,246.22929,2652,0.84615386,0.63938087,0.30337077,1.8521413,2.9764197,0.47941461,0.78955704,3.0404041,397,2.4651623
393238,-698,-494,39,152.61974,0.47656068,55.681229,5.1357284,13.698778,1.330987,9.7635183,63.438248,287.04074,2544,0.86639678,0.85809696,0.41489363,1.8960756,3.0442369,0.49033797,0.7922231,2.9949496,397,2.4145114
393239,-698,-492,40,155.50467,0.45955518,35.954117,3.6857846,11.946976,1.4104524,10.05197,65.209038,262.13766,2052,0.86282051,0.87207133,0.42553192,1.8971809,3.0480952,0.49095944,0.79237354,2.9924242,397,2.4133985
393240,-698,-490,37,148.10828,0.45073587,4.764091,3.5612464,13.200231,0.83154184,18.693497,64.258934,234.42719,1720,0.93993992,0.7378549,0.39361703,1.893381,3.0365493,0.48909974,0.79192299,3,397,2.417212
393241,-698,-488,39,145.8885,0.45818532,339.28775,4.1302772,15.393689,0.56632221,19.391392,63.255005,254.12968,1972,0.92442644,0.78209811,0.41489363,1.8960756,3.0442369,0.49033797,0.7922231,2.9949496,397,2.4145114
393242,-698,-486,40,156.43076,0.38763011,318.34476,4.7031736,17.907915,1.0921731,18.549421,71.212669,270.32172,2296,0.89615387,0.83887744,0.42553192,1.8971809,3.0480952,0.49095944,0.79237354,2.9924242,397,2.4133985
393243,-698,-484,41,158.02426,0.36940357,304.2746,6.3065367,20.627634,2.1189411,19.276871,73.318954,322.82834,3304,0.88292682,0.85441256,0.43157893,1.9027053,3.0558414,0.49220711,0.79267514,2.9873738,397,2.4068015
393244,-698,-482,43,155.16541,0.36219254,296.94684,8.4234753,23.482967,0.23157077,26.534065,73.372383,416.9552,5172,0.85825026,0.88562381,0.45263159,1.9042617,3.063627,0.49346116,0.79297769,2.9823232,397,2.4052081
458754,-696,-534,101,410.75275,0.36224103,85.122513,11.303061,34.557377,0.051410533,39.292137,119.37032,1417.5648,24464,0.76475245,0.90201831,0.35815603,1.6236627,5.7811227,0.9311707,0.87647396,2.0505052,397,2.0070157
458755,-696,-532,104,409.71622,0.34836459,82.740608,9.2739944,34.028858,2.0456648,40.56971,121.57086,1317.6598,21164,0.76194924,0.92874736,0.36879432,1.6297258,5.8231163,0.93793464,0.87752712,2.0429294,397,1.9967735
458756,-696,-530,100,408.62869,0.32563645,78.142059,7.2796297,33.869755,4.0399189,43.247555,125.57491,1115.6984,16208,0.78606063,0.88182235,0.35460994,1.6215293,5.7672591,0.92893767,0.87612516,2.0530303,397,2.0105331
458757,-696,-528,100,408.84961,0.27794591,67.350464,5.4448938,34.324116,6.034173,50.05479,135.95857,1064.5198,15344,0.77595961,0.87206131,0.35460994,1.6215293,5.7672591,0.92893767,0.87612516,2.0530303,397,2.0105331
458758,-696,-526,125,496.25671,0.13193887,21.10648,9.5178041,61.57592,5.4963803,111.22485,217.4061,2054.8232,58016,0.63445163,1.1134207,0.38580248,1.4748292,6.9911256,1.1260669,0.90499282,1.8686869,397,1.9888597
458759,-696,-524,135,522.20349,0.12837628,0.59479278,12.872242,79.991791,3.4963803,96.297615,226.09056,2607.3303,84620,0.65450525,1.217985,0.45608109,1.5602709,6.6435003,1.0700746,0.8971585,1.9141414,397,1.9630156
458760,-696,-522,119,479.76938,0.13391948,349.90936,13.55321,79.789383,1.4963804,109.51054,212.17751,2305.709,81628,0.67013246,1.0792303,0.38636363,1.5155023,6.5708938,1.0583798,0.8954882,1.9242424,397,2.0017169
458763,-696,-516,62,221.94438,0.18496941,27.02984,10.45709,43.250652,0.21935867,53.306763,122.79398,816.10303,16288,0.75039661,0.71604264,0.23846154,1.6571959,4.8980594,0.78893483,0.8530277,2.2398989,397,2.1143215
458764,-696,-514,69,261.04218,0.098992236,7.5579309,10.727431,55.744484,2.2193587,101.40927,182.037,1012.2079,24276,0.65601021,0.78163588,0.22402598,1.4241722,5.7260647,0.92230237,0.87508535,2.060606,397,2.1810439
458765,-696,-512,63,236.9792,0.22127238,322.32025,6.2075424,27.942749,0.67409956,50.600151,116.01027,684.30078,9388,0.71633387,0.67163235,0.23161764,1.5789529,5.1169086,0.82418513,0.85908794,2.1868687,397,2.1418326
458774,-696,-494,38,154.94174,0.47243938,78.999466,4.4818683,12.922236,0.99801022,11.791039,64.197205,263.23743,2168,0.87624466,0.82038522,0.40425533,1.8948094,3.0403883,0.48971808,0.79207289,2.9974747,397,2.4157822
458775,-696,-492,42,160.77399,0.4362846,67.517433,2.4528816,11.047982,2.9980099,11.943585,68.049957,252.28261,1780,0.85365856,0.91534668,0.44680852,1.8989129,3.0558414,0.49220711,0.79267514,2.9873738,397,2.4116418
458776,-696,-490,41,163.61111,0.40120801,12.894481,1.1351033,12.67474,2.6337695,20.417,71.585739,231.44746,1524,0.88902438,0.86181045,0.43617022,1.8981264,3.0519633,0.49158248,0.79252422,2.9898989,397,2.4124422
458777,-696,-488,42,166.46552,0.35389885,308.39395,2.0197334,15.707985,2.5663092,24.292055,76.8825,246.86572,1780,0.87688732,0.88277107,0.44210526,1.9035618,3.0597291,0.49283335,0.79282629,2.9848485,397,2.4059279
458778,-696,-486,44,168.0076,0.33852118,291.6973,3.8683455,19.021727,2.7337842,22.220058,78.97261,298.35062,2684,0.85200846,0.91393018,0.46315789,1.9048053,3.0675347,0.49409056,0.79312938,2.9797981,397,2.4046414
458779,-696,-484,44,169.26204,0.32344782,285.11481,5.9721866,22.495966,2.2315707,23.305746,81.092857,342.00043,3552,0.85200846,0.91393018,0.46315789,1.9048053,3.0675347,0.49409056,0.79312938,2.9797981,397,2.4046414
458780,-696,-482,44,168.68813,0.31111512,282.24725,8.2694349,26.06978,0.23157077,31.385029,82.544212,420.38458,5276,0.83720928,0.9159143,0.46315789,1.9048053,3.0675347,0.49409056,0.79312938,2.9797981,397,2.4046414
524291,-694,-532,102,408.72833,0.32995737,94.186584,9.2876883,31.383688,1.8941712,43.437321,124.76517,1304.4772,20968,0.75305766,0.90953279,0.36170211,1.6257398,5.7950535,0.93341446,0.8768239,2.0479798,397,2.0035501
524292,-694,-530,100,405.21301,0.33919212,92.817238,7.1117244,30.871885,3.8884254,42.472038,122.52473,1123.3322,16136,0.78222221,0.86837798,0.35460994,1.6215293,5.7672591,0.92893767,0.87612516,2.0530303,397,2.0105331
524293,-694,-528,98,404.8652,0.32525846,88.184853,4.9972167,30.834286,5.8826795,43.66386,125.06789,998.20514,13044,0.79654956,0.83823931,0.34751773,1.6170927,5.7397308,0.92450356,0.87543088,2.0580809,397,2.0177245
524294,-694,-526,117,468.87637,0.16693485,35.775543,5.7505412,47.450123,5.4963803,91.569542,187.87137,1566.5951,32660,0.65885645,1.0232438,0.37864077,1.5890772,6.4475794,1.0385175,0.89262325,1.9419192,397,1.9494683
524295,-694,-524,146,573.10309,0.11182536,6.6761098,11.286288,78.004379,3.4963803,108.94077,253.77635,2715.3894,81488,0.60302317,1.3244158,0.45061728,1.4997158,7.4456568,1.1992786,0.91485924,1.8156565,397,1.9266607
524296,-694,-522,124,494.60568,0.13502124,349.72906,12.229198,77.809616,1.4963804,108.3695,214.55243,2396.4512,84008,0.6563074,1.136043,0.4025974,1.5232109,6.6619034,1.0730388,0.89757991,1.9116162,397,1.9858592
524299,-694,-516,63,229.05521,0.18144494,34.424244,8.5142193,39.779526,0.21935867,54.587387,125.95128,781.30481,14104,0.73169482,0.73534948,0.24609375,1.6684918,4.8683138,0.78414375,0.85218996,2.2474747,397,2.1103928
524300,-694,-514,79,294.20496,0.1246205,3.9535787,8.7456427,48.838341,2.2193587,84.488129,172.24046,1049.4518,20448,0.60240179,0.86611038,0.26072606,1.5042578,5.7672591,0.92893767,0.87612516,2.0530303,397,2.1057951
524301,-694,-512,72,270.24176,0.075850569,334.96686,7.2635331,70.64035,0.67266971,139.43896,211.59322,906.58221,19140,0.63419408,0.77451992,0.23606557,1.4482552,5.7260647,0.92230237,0.87508535,2.060606,397,2.160105
524310,-694,-494,40,157.64883,0.45825583,104.30563,4.6319814,13.610819,0.99700165,13.585375,65.750084,277.33975,2284,0.86794871,0.86360568,0.42553192,1.8971809,3.0480952,0.49095944,0.79237354,2.9924242,397,2.4133985
524311,-694,-492,42,167.93086,0.38644433,114.54838,2.4461029,12.69721,2.9970014,15.330101,73.896988,249.38321,1744,0.85714287,0.89259535,0.44680852,1.8989129,3.0558414,0.49220711,0.79267514,2.9873738,397,2.4116418
524312,-694,-490,46,176.72879,0.33319283,177.90016,0.90828717,14.5781,4.6023932,24.850883,81.641464,276.36771,1984,0.81835747,0.99792522,0.48421052,1.9054259,3.0753798,0.49535424,0.79343349,2.9747474,397,2.4039652
524313,-694,-488,47,181.22495,0.29781955,254.18231,2.3393044,19.445915,3.8656476,28.002798,87.445465,299.71121,2440,0.80666047,1.0097153,0.49473685,1.9055034,3.0793178,0.49598849,0.7935859,2.9722223,397,2.4038556
524314,-694,-486,49,193.98857,0.15292528,270.63586,5.8306131,40.389133,2.8630211,61.437428,126.25639,412.09793,5756,0.74659866,0.97826099,0.19444445,1.5748347,4.7434855,0.76403749,0.84863597,2.280303,397,2.212271
524315,-694,-484,54,208.92375,0.16866089,274.48203,9.8791676,42.212505,2.2315707,61.56258,124.76467,627.67859,12440,0.67854649,1.0258378,0.20610687,1.5820184,4.888104,0.78733128,0.85274774,2.2424242,397,2.1791601
524316,-694,-482,54,216.2993,0.18056296,274.99017,13.160298,44.061829,0.23157077,67.973183,122.69254,747.62964,16360,0.67575121,1.0195682,0.19926199,1.5389813,5.0103064,0.80701458,0.85615838,2.2121212,397,2.1941605
589827,-692,-532,112,441.86945,0.25211483,100.86739,11.288594,40.87664,1.5769218,58.083908,148.40643,1657.3203,31960,0.67583656,1.0473803,0.39298245,1.692118,5.8944783,0.94942892,0.87930524,2.030303,397,1.9353477
589828,-692,-530,108,438.39359,0.25323802,101.77516,9.0128517,38.270557,3.5265477,54.883339,147.49339,1426.731,25392,0.69245416,0.98902559,0.35179153,1.577324,6.2628832,1.0087682,0.88826352,1.969697,397,1.9804624
589829,-692,-528,110,433.7692,0.24223065,103.32473,6.5876532,36.285168,5.2273884,55.919392,150.00984,1325.9952,21676,0.70041704,0.9978627,0.3583062,1.5816365,6.2956729,1.0140498,0.88904369,1.9646465,397,1.9730749
589830,-692,-526,112,455.51566,0.15520424,85.056274,3.9168048,37.213482,5.2271647,89.755348,192.04579,1248.7917,18284,0.69079792,0.98668653,0.36363637,1.5826616,6.3455071,1.0220765,0.89022422,1.9570707,397,1.9663543
589831,-692,-524,156,601.28705,0.13648352,10.89182,9.0269794,63.140869,3.4963803,83.619835,235.29123,2722.0452,73984,0.57725394,1.4110719,0.48148149,1.5044613,7.683537,1.2375942,0.91986626,1.7904041,397,1.903366
589832,-692,-522,144,576.55756,0.11335312,357.31955,10.364058,75.815964,1.4963804,119.30991,252.81889,2703.3333,88720,0.5735237,1.3427979,0.41142857,1.3873659,8.0433016,1.2955418,0.92725039,1.7550505,397,1.9663775
589835,-692,-516,77,277.74731,0.14193588,54.8284,7.6350932,36.116375,0.21935867,64.198677,156.81361,955.40857,15884,0.58407384,0.93711376,0.2720848,1.6611599,5.3089342,0.85511482,0.86426288,2.1439395,397,2.0427933
589836,-692,-514,96,362.64514,0.11683363,8.7004318,6.1623363,41.894279,2.2193587,84.789734,197.49765,1156.5131,19180,0.539693,1.0598005,0.2962963,1.4810722,6.3455071,1.0220765,0.89022422,1.9570707,397,2.0511746
589837,-692,-512,91,337.2702,0.092133738,338.40082,7.6788778,60.11459,0.67123991,121.29528,214.4789,1280.4507,29708,0.53846157,0.97511804,0.2888889,1.4827118,6.1507597,0.99070847,0.88557506,1.9873737,397,2.0735836
589846,-692,-494,45,172.7079,0.34585071,124.93801,4.7691174,15.604896,0.99599308,21.573095,79.21669,320.21683,2736,0.82525253,0.9391849,0.47368422,1.9051932,3.0714524,0.49472159,0.79328132,2.9772727,397,2.4042273
589847,-692,-492,64,248.78665,0.18621224,260.85678,4.6207342,34.009449,2.8506479,57.731537,129.57295,691.18567,11896,0.61805558,1.1635826,0.23529412,1.5832667,5.1278191,0.82594246,0.85938543,2.1843433,397,2.1363649
589848,-692,-490,72,285.5499,0.16852553,268.09915,9.3593369,43.365635,2.8635473,71.874275,145.91942,955.62543,20968,0.6111111,1.268981,0.26373628,1.613071,5.2281461,0.84210217,0.86210132,2.1616161,397,2.0949378
589849,-692,-488,76,299.85156,0.17606117,269.14731,12.480701,45.351692,2.7973783,72.616608,146.29393,1136.5853,27828,0.60947371,1.2897432,0.27436823,1.6188487,5.3206797,0.85700667,0.86457533,2.1414142,397,2.0752785
589850,-692,-486,77,305.68292,0.17887323,269.49353,15.035273,47.338924,1.0387412,70.317017,146.54395,1279.8041,33708,0.60731375,1.2917364,0.27797833,1.6223408,5.3324771,0.85890687,0.86488861,2.1388888,397,2.0705562
589851,-692,-484,77,303.4198,0.1812339,269.6553,17.578669,49.327187,0.77680475,72.679893,145.04648,1501.4395,44568,0.61722487,1.2217737,0.27797833,1.6223408,5.3324771,0.85890687,0.86488861,2.1388888,397,2.0705562
589852,-692,-482,74,291.28369,0.18137746,269.63339,20.274561,51.316364,0.16807812,86.090187,142.05986,1634.0165,52408,0.58570898,1.176433,0.26714802,1.6116655,5.2972403,0.85323131,0.86395139,2.1464646,397,2.0849097
655363,-690,-532,116,477.95636,0.22653057,106.15406,14.248361,50.274151,1.1308734,49.905247,162.83046,1989.8495,46616,0.63478261,1.1187913,0.40418118,1.6940451,5.9824557,0.9635995,0.88147765,2.0151515,397,1.9227084
655364,-690,-530,119,484.79388,0.22468808,107.08217,12.274323,48.277256,3.0804992,48.643944,164.66203,1914.5447,43408,0.62982482,1.1498332,0.41463414,1.6979853,6.0274363,0.97084463,0.88258016,2.0075758,397,1.9143986
655365,-690,-528,120,491.05002,0.22325969,108.54946,10.280141,46.280827,3.2273884,47.085033,166.25038,1795.6244,38328,0.62731093,1.1600715,0.3883495,1.5942086,6.4998569,1.0469378,0.89384222,1.9343435,397,1.939562
655366,-690,-526,124,506.17297,0.20344162,109.40727,8.1708994,44.284969,3.227165,49.59132,176.82127,1712.9344,33948,0.63519537,1.1831843,0.4012945,1.6003547,6.5708938,1.0583798,0.8954882,1.9242424,397,1.9269826
655367,-690,-524,179,698.52588,0.11442104,40.147095,7.6086783,60.062096,3.3136592,83.315575,276.97672,3256.9517,86116,0.50153786,1.7264696,0.5099715,1.4017313,9.1442852,1.4728783,0.9485988,1.6641414,397,1.8771935
655368,-690,-522,180,699.40485,0.091887236,23.695265,7.6271095,73.822784,1.9149325,125.02895,309.27277,3431.8289,105432,0.47225326,1.7961519,0.47120419,1.1924922,10.411027,1.6769135,0.97121149,1.5833334,397,1.9823629
655369,-690,-520,143,559.15265,0.12657057,25.136314,4.3939867,38.981102,1.1949109,82.004715,235.61545,2131.8608,43172,0.50822419,1.3901621,0.42559522,1.5241572,7.5154595,1.2105219,0.91633922,1.8080808,397,1.8952973
655370,-690,-518,105,419.93033,0.1231899,36.559853,5.531271,36.310986,1.1949109,70.695129,206.96933,1383.3116,24544,0.56684983,1.0654125,0.32208589,1.4984006,6.5351825,1.0526277,0.8946622,1.9292929,397,2.0143456
655371,-690,-516,126,476.49176,0.11708824,48.83609,3.5799372,34.321548,1.2148787,65.001572,226.13927,1610.7679,27200,0.49473014,1.3762182,0.38532111,1.5399165,6.9507141,1.1195579,0.90409541,1.8737373,397,1.9352336
655372,-690,-514,124,477.33588,0.11382824,26.662626,3.0864213,37.111664,2.5205882,76.477928,229.55775,1599.0015,27140,0.49724627,1.3651255,0.38153845,1.5446814,6.8712773,1.1067629,0.9023214,1.8838384,397,1.9393846
655373,-690,-512,124,478.84903,0.087888487,357.80884,4.0293112,54.276764,1.6575371,107.76134,261.66055,1796.7924,37876,0.47941253,1.3876735,0.36257309,1.4478651,7.2657013,1.1702931,0.9110015,1.8358586,397,1.9815643
655374,-690,-510,83,319.62128,0.18727495,305.37131,3.684243,28.376812,1.5163648,51.758396,146.44783,1007.0308,15648,0.69908905,0.86190993,0.2902098,1.6207383,5.515934,0.8884564,0.86970216,2.1010101,397,2.0437505
655375,-690,-508,77,300.45572,0.21064468,293.36145,5.1608763,26.411074,1.5173734,48.83123,133.8813,994.70251,15972,0.74401915,0.78403574,0.2720848,1.6080362,5.4043756,0.87048763,0.86678815,2.1237373,397,2.0710993
655376,-690,-506,71,288.06537,0.21739084,286.06104,6.703773,27.775658,1.518382,50.135715,129.04163,965.40009,16136,0.77505028,0.72292584,0.25177306,1.5880619,5.3206797,0.85700667,0.86457533,2.1414142,397,2.1008251
655377,-690,-504,69,276.36664,0.21533671,281.31006,8.123024,29.728878,1.5193906,53.042103,126.99561,981.76672,17344,0.78473997,0.71153045,0.24468085,1.5800222,5.2972403,0.85323131,0.86395139,2.1464646,397,2.1113126
655378,-690,-502,63,260.23834,0.21313947,276.91373,9.0103951,31.693245,1.5203992,52.062317,123.86785,922.60181,17156,0.82181257,0.66729897,0.22580644,1.5621617,5.1942701,0.83664578,0.86118829,2.1691918,397,2.1431217
655379,-690,-500,63,256.2468,0.2121582,274.2399,9.8406401,33.665222,1.5214077,51.863491,123.19817,956.6402,18824,0.81515616,0.68911481,0.22661871,1.5647124,5.1830759,0.83484268,0.86088568,2.1717172,397,2.1427982
655380,-690,-498,67,265.70801,0.21212129,271.19464,9.9366655,35.64262,1.5224164,53.602734,125.46284,1028.1879,21068,0.74672097,0.82368749,0.24100719,1.5819423,5.2281461,0.84210217,0.86210132,2.1616161,397,2.120826
655381,-690,-496,74,302.01746,0.21304817,264.13727,8.8898592,37.624008,1.5234249,53.628872,133.4695,1112.7183,23312,0.68419105,1.0314686,0.26714802,1.6116655,5.2972403,0.85323131,0.86395139,2.1464646,397,2.0849097
655382,-690,-494,82,339.52545,0.19383831,257.62622,9.3720379,39.608425,1.8204098,51.788006,148.36153,1208.2419,26204,0.61788619,1.3214444,0.29602888,1.638827,5.3922582,0.86853588,0.8664692,2.1262627,397,2.0478532
655383,-690,-492,83,339.92218,0.19323774,258.66431,11.052671,41.595184,0.85075521,47.224228,148.67868,1263.7273,29288,0.60916841,1.3670459,0.29963899,1.6419327,5.4043756,0.87048763,0.86678815,2.1237373,397,2.0434911
655384,-690,-490,79,334.79306,0.19286415,259.86642,12.958283,43.583801,0.86359036,55.846794,147.69554,1283.098,31984,0.59591043,1.314393,0.28519857,1.6291286,5.3562298,0.86273277,0.86551803,2.1338384,397,2.0612946
655385,-690,-488,76,327.87994,0.19130935,261.02631,14.956738,45.57391,0.87670273,59.51783,146.75546,1309.5526,34860,0.60035086,1.2436635,0.27436823,1.6188487,5.3206797,0.85700667,0.86457533,2.1414142,397,2.0752785
655386,-690,-486,72,313.63605,0.18717115,262.31583,17.413961,47.565235,0.689807,63.93203,145.11037,1374.2991,39180,0.57472616,1.1965257,0.25992781,1.6042132,5.2740068,0.84948903,0.86333114,2.1515152,397,2.0947928
720899,-688,-532,112,447.80319,0.23564008,115.71928,15.192605,50.458828,0.68482506,53.097759,154.53397,2093.9751,53100,0.62451738,1.0977197,0.3943662,1.6940651,5.8800664,0.94710761,0.87894726,2.0328283,397,1.935869
720900,-688,-530,113,451.9986,0.23777795,118.35923,13.36383,48.475361,1.2273884,52.123569,154.55666,1984.8907,48400,0.61741465,1.111771,0.39788732,1.6955799,5.8944783,0.94942892,0.87930524,2.030303,397,1.932934
720901,-688,-528,117,465.96747,0.23565409,120.62688,11.529777,46.49435,1.2273884,53.295418,157.63231,1912.2653,43712,0.61567932,1.1413506,0.40766549,1.6954111,5.9973745,0.96600252,0.88184392,2.0126262,397,1.9198904
720902,-688,-526,122,490.39359,0.23015167,122.71077,9.5675278,44.516357,1.2271652,52.366966,163.63275,1865.4136,39820,0.61495733,1.1888138,0.42508709,1.7014536,6.0730987,0.97819948,0.88369381,2,397,1.9065195
720903,-688,-524,182,701.50568,0.11970171,53.921047,6.2884722,56.986168,1.4401895,87.161858,271.37534,3278.5479,82760,0.4936555,1.758262,0.51851851,1.401044,9.2497969,1.4898731,0.95055586,1.6565657,397,1.871415
720904,-688,-522,180,703.15497,0.095129736,33.372284,5.827744,71.830139,3.0155189,125.23233,304.77008,3400.3108,100012,0.47628802,1.7918781,0.47120419,1.1924922,10.411027,1.6769135,0.97121149,1.5833334,397,1.9823629
720905,-688,-520,153,596.49927,0.1328681,79.035133,1.7183793,38.609386,3.1949108,88.671043,237.51964,2210.6682,42888,0.52278984,1.4717066,0.45535713,1.5326811,7.757894,1.249571,0.92141062,1.7828283,397,1.8680707
720906,-688,-518,121,483.58676,0.12965785,89.709259,1.9213959,36.654209,3.1949108,80.989906,216.49243,1534.4005,26376,0.55716252,1.2268243,0.37003058,1.530908,6.8517013,1.1036097,0.90188217,1.8863636,397,1.9527546
720907,-688,-516,132,509.37317,0.12588911,115.21645,1.9508687,34.709995,3.2024324,74.057655,225.49083,1680.2222,28100,0.49722415,1.4380001,0.40993789,1.5684429,6.9708614,1.1228029,0.90454322,1.8712121,397,1.9102303
720908,-688,-514,130,504.32809,0.12171041,93.145081,0.89009404,33.012363,3.8901167,76.971619,228.19055,1689.3206,28392,0.49039951,1.4333822,0.40123457,1.5581703,6.9708614,1.1228029,0.90454322,1.8712121,397,1.9184068
720909,-688,-512,135,511.71844,0.097883984,347.3783,1.3408881,48.237778,2.7515287,102.57211,256.30948,1922.1528,36492,0.46699834,1.5072263,0.39589444,1.4725728,7.4920473,1.2067508,0.91584378,1.810606,397,1.9397614
720910,-688,-510,96,368.78613,0.15413722,249.08401,3.3783357,28.99975,1.2022936,77.012886,173.39575,1220.6362,19916,0.60986841,1.0416077,0.33449477,1.6553918,5.6989269,0.91793132,0.8743977,2.0656567,397,1.9894499
720911,-688,-508,83,317.40872,0.20879407,260.03174,4.5601315,27.177628,0.49558526,60.612553,138.21503,1115.5166,18620,0.68704087,0.87676662,0.2902098,1.6207383,5.515934,0.8884564,0.86970216,2.1010101,397,2.0437505
720912,-688,-506,66,267.13031,0.20608962,250.17642,5.0332298,28.580061,0.48678857,60.904408,127.62579,936.62744,16560,0.78414917,0.72928274,0.23655914,1.5752448,5.2281461,0.84210217,0.86210132,2.1616161,397,2.1264756
720913,-688,-504,63,252.17897,0.20387043,249.36751,5.7800059,30.438112,0.47799185,60.35638,124.67582,930.61108,17368,0.78341013,0.72657329,0.22661871,1.5647124,5.1830759,0.83484268,0.86088568,2.1717172,397,2.1427982
720914,-688,-502,66,252.78035,0.20397651,249.61035,6.5808892,32.33321,0.46919516,60.647526,124.79194,995.32764,19192,0.72820514,0.82826418,0.23741007,1.5777444,5.216805,0.84027553,0.86179614,2.1641414,397,2.1262159
720915,-688,-500,67,263.70233,0.20621774,247.56535,7.1241932,34.252869,0.46039844,60.896477,126.76487,1034.5857,20864,0.70601535,0.86280119,0.24100719,1.5819423,5.2281461,0.84210217,0.86210132,2.1616161,397,2.120826
720916,-688,-498,70,280.04617,0.20734613,245.33412,7.7810521,36.189571,0.45130411,60.943604,130.27821,1085.4764,22568,0.66625261,0.96841091,0.25270757,1.5964872,5.2509761,0.84577948,0.86271447,2.1565657,397,2.1049328
720917,-688,-496,75,297.84048,0.18540144,244.78578,8.8605957,38.138527,0.45852774,66.405365,142.08238,1172.474,25344,0.60972971,1.1455036,0.27075812,1.6152905,5.3089342,0.85511482,0.86426288,2.1439395,397,2.0800629
720918,-688,-494,76,306.87177,0.18470772,245.63715,10.801599,40.088318,0.47728401,63.972424,144.49103,1236.6687,28372,0.55543858,1.2467242,0.27436823,1.6188487,5.3206797,0.85700667,0.86457533,2.1414142,397,2.0752785
720919,-688,-492,58,222.77034,0.19419424,260.09433,18.137276,42.035374,0.0087307347,59.578663,120.06473,1116.2513,29660,0.66727161,0.82492298,0.20938627,1.5440675,5.1169086,0.82418513,0.85908794,2.1868687,397,2.1714776
786439,-686,-524,167,653.0542,0.12189613,70.286537,5.8865404,53.913391,0.75496423,113.16296,259.46848,3079.3513,76416,0.49469736,1.6024654,0.5,1.4730339,8.2361202,1.3265994,0.93111992,1.7373737,397,1.8836777
786440,-686,-522,175,684.34015,0.097671434,46.444012,4.2175841,69.838081,2.7549641,146.05194,296.72705,3301.5552,93432,0.48499179,1.7236217,0.47425476,1.2962453,9.6584225,1.5556908,0.9580034,1.6287879,397,1.9332113
786441,-686,-520,145,575.34204,0.13657741,155.12357,2.8467228,39.153412,4.4304376,110.60535,230.07983,2048.259,38920,0.55478925,1.3622264,0.43154761,1.5262153,7.562727,1.2181352,0.91733623,1.8030303,397,1.8895396
786442,-686,-518,123,487.81815,0.13226137,172.68503,3.9445279,37.261501,3.899631,109.0633,215.2868,1556.7852,26976,0.56537384,1.2211845,0.37730062,1.5388221,6.8712773,1.1067629,0.9023214,1.8838384,397,1.944196
786443,-686,-516,125,489.73608,0.13187858,184.3425,4.1622224,35.395584,3.8684342,94.730804,216.02243,1550.1296,25108,0.53058064,1.3188673,0.39184952,1.5692263,6.7744989,1.0911746,0.90014178,1.8964647,397,1.9295433
786444,-686,-514,116,463.26944,0.12071047,216.85635,3.616514,33.565556,3.9431577,94.574989,219.60857,1418.6259,22176,0.53703147,1.22664,0.35913312,1.537432,6.6804085,1.0760194,0.89800292,1.9090909,397,1.9654388
786445,-686,-512,112,444.53757,0.13545854,255.01111,4.4943409,39.182182,1.9842436,84.124031,203.07477,1428.0382,23044,0.54954952,1.1563168,0.37333333,1.6055887,6.2143335,1.0009483,0.88710338,1.9772727,397,1.9641116
786446,-686,-510,75,298.18768,0.26270249,246.74402,10.7264,26.799395,0.076442733,66.760506,119.43118,937.15302,14724,0.69837838,0.71551847,0.28517109,1.6419824,5.1497798,0.82947969,0.85998297,2.1792929,397,2.0847616
851975,-684,-524,141,551.33411,0.10994025,70.762581,5.9113178,50.844128,0.75538373,119.02685,251.03485,2528.5562,59784,0.54305977,1.3233608,0.42215568,1.4587551,7.562727,1.2181352,0.91733623,1.8030303,397,1.9479297
851976,-684,-522,154,618.03638,0.092343554,49.050526,2.4972694,67.846695,2.7553837,148.58612,290.00711,2858.9441,78252,0.51982003,1.4889919,0.41734418,1.27995,8.9072113,1.4346926,0.94414794,1.6818181,397,1.9950027
851977,-684,-520,126,499.88626,0.12852764,191.98756,5.5613241,39.9249,2.5754669,114.7925,221.07634,1663.969,27948,0.62069839,1.1330587,0.43150684,1.6956654,6.2143335,1.0009483,0.88710338,1.9772727,397,1.8935857
851978,-684,-518,109,432.16269,0.19613361,199.18401,8.0730858,26.078438,1.9207454,78.029205,166.3997,1315.7179,20248,0.63982332,1.0294404,0.36949152,1.6124277,6.0884738,0.98067594,0.88406748,1.9974748,397,1.9745152
851979,-684,-516,112,434.00171,0.19727406,204.65523,8.2952042,26.202436,1.8684806,62.355274,166.27068,1380.5508,21636,0.61743885,1.1180592,0.39160839,1.6366293,5.9973745,0.96600252,0.88184392,2.0126262,397,1.9685541
851980,-684,-514,108,427.71127,0.18795452,215.99611,7.3949018,26.538523,2.1100743,62.958408,169.104,1351.8005,21388,0.59657323,1.0996728,0.37113401,1.6196549,6.0123677,0.96841753,0.88221145,2.0101011,397,1.9788316
851981,-684,-512,109,431.97751,0.17071062,231.79872,6.6941619,31.174786,1.8207998,62.886909,178.32213,1457.6573,24204,0.56948692,1.1127529,0.36700338,1.6075321,6.1194582,0.98566669,0.88481873,1.9924242,397,1.9743418
917511,-682,-524,126,499.8027,0.13420333,72.697289,4.6536145,47.778851,0.75580329,93.659531,216.3329,2165.481,47700,0.60152382,1.1471424,0.41042346,1.5285041,6.6804085,1.0760194,0.89800292,1.9090909,397,1.9799699
917512,-682,-522,143,568.67346,0.11078363,62.911945,1.4779741,65.856056,2.5096755,125.66744,253.97948,2624.0718,67740,0.55835712,1.3398494,0.41812867,1.4262025,7.80827,1.2576851,0.92245138,1.7777778,397,1.9532924
917513,-682,-520,109,445.8252,0.19247927,188.81036,9.2248926,27.288639,0.91655314,83.181023,170.60637,1482.3085,25272,0.6406728,0.97310203,0.38790035,1.6948866,5.7950535,0.93341446,0.8768239,2.0479798,397,1.9466176
917514,-682,-518,100,388.27853,0.27613604,195.26508,11.993737,27.937366,0.0079189055,69.362366,132.92757,1413.2247,24804,0.65797979,0.9334299,0.38022813,1.7050868,5.4410567,0.87639594,0.8677507,2.1161616,397,1.991215
917516,-682,-514,99,392.04276,0.22090335,208.06216,11.288909,28.627724,0.42779452,63.011375,149.33806,1409.3527,25060,0.6448155,0.99008685,0.35106382,1.6193395,5.7534618,0.92671531,0.87577748,2.0555556,397,2.0141027
917517,-682,-512,105,416.80322,0.18861549,218.41499,9.4024115,29.328091,1.6140091,65.648834,166.64098,1526.0688,27336,0.58827841,1.0763675,0.35472974,1.601795,6.0425806,0.97328395,0.88295013,2.0050504,397,1.9885244
917518,-682,-510,111,448.66098,0.12274349,265.95895,5.7450008,52.574814,0.39147714,115.1325,214.32106,1968.1736,44920,0.5167895,1.177519,0.35015774,1.5300736,6.5174718,1.0497751,0.89425147,1.9318181,397,1.9899892
983047,-680,-524,125,479.88864,0.13960229,89.184708,4.2756281,44.718151,0.75622278,92.077209,207.83989,2110.9399,44224,0.59806454,1.1421115,0.41118422,1.5345451,6.6069975,1.064195,0.89632028,1.919192,397,1.9836211
983048,-680,-522,136,533.10803,0.10942566,115.09186,1.4401754,63.866268,1.7256008,125.10605,247.43036,2521.1169,62372,0.57930285,1.2652038,0.40117994,1.43083,7.562727,1.2181352,0.91733623,1.8030303,397,1.9706146
983053,-680,-512,82,321.09903,0.18221159,203.46077,12.579208,31.24555,0.25989607,71.885025,148.81148,1285.7361,25264,0.62782294,0.86824107,0.28771931,1.5663583,5.5670071,0.89668286,0.87102306,2.090909,397,2.0827866
983054,-680,-510,101,410.81082,0.13323429,229.24127,8.7179575,42.472649,1.1936152,102.541,196.84204,1734.9823,36484,0.56198019,1.0412482,0.32165605,1.5162325,6.2956729,1.0140498,0.88904369,1.9646465,397,2.0274205
1048583,-678,-524,116,453.79971,0.14319651,105.61806,3.9283235,41.6628,0.75664228,90.97403,199.55876,1983.839,41744,0.6268366,1.0591892,0.38157895,1.5209303,6.4475794,1.0385175,0.89262325,1.9419192,397,2.0116894
1048584,-678,-522,123,471.62061,0.10952259,160.01077,1.5496265,61.877449,1.3543588,120.53394,232.62129,2321.7395,56580,0.63308012,1.1433284,0.36936936,1.4354997,7.1363416,1.149457,0.90818954,1.8510101,397,2.0065634
1048590,-678,-510,75,306.24521,0.13857067,207.3674,11.003319,33.946323,0.72427857,96.390709,166.64946,1233.4935,25468,0.62378377,0.79554945,0.25,1.4987304,5.6720452,0.9136014,0.87371427,2.0707071,397,2.1240301
1048591,-678,-508,108,422.71616,0.12946962,316.26938,7.5826383,54.189167,0.50897777,92.265976,202.55615,2271.4495,61928,0.48650053,1.2954005,0.30857143,1.3121853,7.1789465,1.1563194,0.90911937,1.8459595,397,2.1085322
1114119,-676,-524,112,434.92136,0.1447873,120.2133,4.02033,39.221203,0.75706178,88.73822,194.28758,1903.7411,39932,0.64092666,1.0515612,0.36963695,1.5161555,6.3622942,1.0247804,0.89062053,1.9545455,397,2.0253761
1114120,-676,-522,114,438.26193,0.098702855,173.02388,2.4102173,59.889744,1.3483733,130.01404,236.21471,2132.9529,50968,0.69104177,1.0520378,0.37623763,1.5199033,6.3961358,1.0302314,0.89141732,1.949495,397,2.018497
1114127,-676,-508,100,385.8168,0.098296605,325.75558,5.495369,52.215534,1.5874716,114.95911,222.08859,2062.9685,55612,0.49535355,1.2527901,0.2857143,1.2872057,7.0115075,1.1293498,0.90544409,1.8661616,397,2.1475062
1179655,-674,-524,114,441.4281,0.12182555,128.05827,4.751277,37.258602,0.75748128,105.70121,213.38591,1926.137,40256,0.61977953,1.1327767,0.39175257,1.6824871,6.0123677,0.96841753,0.88221145,2.0101011,397,1.9271656
1179656,-674,-522,108,416.37476,0.11759111,176.54193,2.9988372,57.903316,1.3773795,108.95551,210.94046,1966.2057,46188,0.74195224,0.99208164,0.37241378,1.5375967,6.0884738,0.98067594,0.88406748,1.9974748,397,2.0434203
1179663,-674,-508,85,327.27026,0.11987483,359.38116,6.1704931,50.244492,0.87183303,84.847511,185.2227,1675.9039,44188,0.60196078,1.1434536,0.25835866,1.3453285,6.3455071,1.0220765,0.89022422,1.9570707,397,2.1705117
1179664,-674,-506,90,356.57864,0.11349706,324.00388,7.4882116,49.944397,0.83987302,91.698166,198.69653,1842.1631,49708,0.51685393,1.1323949,0.25714287,1.2513622,6.8128815,1.0973569,0.90100867,1.8914142,397,2.2003994
1245191,-672,-524,113,444.04688,0.12974302,133.07529,5.5829582,36.81871,0.75790083,98.662277,207.38499,1872.0284,39356,0.62752843,1.148646,0.3656958,1.5815316,6.3791699,1.0274987,0.89101821,1.9520202,397,1.9633142
1245192,-672,-522,115,439.61929,0.13284147,163.35181,3.7866437,42.842396,1.628862,95.653297,203.92781,1996.8071,45488,0.6898551,1.1426663,0.35825545,1.466813,6.7365465,1.0850617,0.89928144,1.9015151,397,2.0220261
1245199,-672,-508,80,312.49167,0.12055959,4.3017821,4.3678308,48.276432,0.28712451,87.879669,180.47758,1575.9985,41584,0.62784809,1.0874764,0.24539877,1.3392996,6.2143335,1.0009483,0.88710338,1.9772727,397,2.1919847
1245200,-672,-506,77,314.65359,0.094571546,345.98352,7.8981557,47.960758,1.6863632,96.233192,204.47539,1411.6215,35188,0.61619961,1.0324347,0.22580644,1.2505937,6.4131923,1.0329787,0.89181787,1.9469697,397,2.246407
1310727,-670,-524,110,436.64328,0.12594438,138.85071,6.3443918,38.799908,0.75832033,99.801132,208.72714,1766.7109,37192,0.65304422,1.1203223,0.35598704,1.5753384,6.3288083,1.0193869,0.88982934,1.9595959,397,1.9741832
1310728,-670,-522,115,445.52014,0.13977863,162.75648,5.2167439,38.781071,2.2445846,89.588799,200.13277,1942.7175,44440,0.68115944,1.1535939,0.35714287,1.463165,6.7554693,1.0881096,0.89971077,1.8989899,397,2.0229626
1310729,-670,-520,101,393.09024,0.097841948,356.64883,6.284647,53.724182,0.511446,133.36644,224.69247,1768.3467,46712,0.60673267,1.1497827,0.28857142,1.2905037,7.0320091,1.132652,0.9058972,1.8636364,397,2.1424761
1310735,-670,-508,50,200.95724,0.17042847,12.495862,16.196323,46.311832,0.18419525,50.677799,121.72665,842.08759,21876,0.94122452,0.72747195,0.21367522,1.6853092,4.4868417,0.72269964,0.84112442,2.3535354,397,2.1702962
1310736,-670,-506,78,306.96286,0.11249041,348.41519,6.2484341,45.978912,2.1841929,77.810387,185.1783,1419.8341,35440,0.6177156,1.0731455,0.23708206,1.3170967,6.230433,1.0035415,0.88748872,1.9747474,397,2.2095222
1310737,-670,-504,75,317.75504,0.084958233,325.75867,7.7288289,53.610184,0.55072725,119.15424,216.79459,1364.3988,34168,0.57729727,1.0012118,0.21428572,1.1872156,6.5351825,1.0526277,0.8946622,1.9292929,397,2.2892108
1376263,-668,-524,110,432.17313,0.17076726,145.18362,7.5128427,40.783646,0.75873983,68.646446,178.33292,1752.36,37860,0.66071725,1.1307482,0.35598704,1.5753384,6.3288083,1.0193869,0.88982934,1.9595959,397,1.9741832
1376264,-668,-522,114,446.70624,0.1461263,164.20547,6.8629565,40.77047,2.7587397,81.223274,195.99805,1888.6643,43976,0.68110543,1.1398549,0.35403726,1.4610165,6.7365465,1.0850617,0.89928144,1.9015151,397,2.0267744
1376265,-668,-520,114,442.7663,0.10726048,355.62219,1.8240471,51.729694,2.0108156,125.79332,227.75731,2027.8613,53984,0.6129483,1.2536211,0.32294616,1.3108438,7.3771386,1.1882423,0.91339767,1.8232323,397,2.0906041
1376266,-668,-518,77,298.47641,0.14418392,357.21805,12.247249,51.671684,1.5109626,54.842789,161.28781,1104.9159,26956,0.69446343,0.96220082,0.28102189,1.7213665,5.1278191,0.82594246,0.85938543,2.1843433,397,2.0240843
1376267,-668,-516,52,198.31822,0.35995016,332.43665,7.1674514,24.438803,1.5247378,30.859179,83.207993,455.62558,4812,0.9057315,0.60899806,0.2888889,1.7747478,3.9883037,0.64239967,0.82564932,2.5227273,397,2.216038
1376271,-668,-508,50,193.94734,0.17580615,14.400875,14.408504,44.35128,0.1811813,53.589024,117.74157,778.99786,19032,0.94122452,0.72747195,0.21367522,1.6853092,4.4868417,0.72269964,0.84112442,2.3535354,397,2.1702962
1376272,-668,-506,77,308.40479,0.11353195,341.77695,3.9109259,43.999157,2.181179,78.789131,184.75935,1407.8052,35744,0.63260424,1.0687529,0.2347561,1.3175465,6.1983175,0.99836856,0.88671935,1.979798,397,2.2131581
1376273,-668,-504,75,306.96231,0.10718659,334.6871,7.3029885,51.61018,0.92567486,83.86676,189.70433,1276.4967,29724,0.61729729,1.0365613,0.25167784,1.4227202,5.7260647,0.92230237,0.87508535,2.060606,397,2.1855323
1441799,-666,-524,109,432.85614,0.17444639,150.37711,9.0545282,42.769447,0.75915933,67.181969,176.58171,1745.4941,39556,0.66394836,1.1253672,0.35275081,1.5731711,6.3121972,1.0167114,0.88943583,1.9621212,397,1.9778997
1441800,-666,-522,114,447.20969,0.15223069,165.65921,8.6118526,42.76086,2.7591593,78.482185,192.13629,1872.6777,45252,0.67023754,1.1727563,0.35514018,1.4646822,6.7177296,1.0820308,0.89885366,1.9040405,397,2.0258157
1441801,-666,-520,117,465.34366,0.11128537,173.62471,1.0011606,49.735924,3.7531943,124.73835,229.23071,2078.8613,56704,0.62584734,1.2818297,0.32957748,1.3062704,7.4920473,1.2067508,0.91584378,1.810606,397,2.0839467
1441802,-666,-518,85,325.76401,0.13843529,358.61111,9.1042919,49.673061,3.5109153,55.662468,171.96223,1109.077,24780,0.66862744,1.0513432,0.29109588,1.6928397,5.4287744,0.8744176,0.8674289,2.1186869,397,2.0022526
1441803,-666,-516,58,232.08025,0.3217712,333.14212,4.1817446,18.851963,2.0672081,35.065601,95.202957,465.68259,4528,0.85904413,0.67553729,0.2521739,1.7567893,4.4701619,0.72001302,0.84062618,2.3585858,397,2.1159351
1441804,-666,-514,49,185.75897,0.4826338,302.0983,6.3208423,18.206116,0.26225668,26.735058,69.545807,406.54434,4064,0.93537414,0.57526696,0.27222222,1.7645388,3.9685595,0.63921946,0.82500976,2.530303,397,2.2281244
1441807,-666,-508,45,174.02826,0.16287705,19.032015,10.743777,42.395504,0.17816734,55.066734,115.8737,579.40765,11788,0.94747472,0.64605141,0.2,1.675287,4.3646955,0.7030254,0.83744621,2.3914142,397,2.2044373
1441808,-666,-506,80,312.6243,0.10673393,326.94327,2.2878029,44.281525,2.1781652,86.144508,191.85144,1452.4108,38328,0.59177214,1.1384007,0.24464832,1.334754,6.230433,1.0035415,0.88748872,1.9747474,397,2.1939611
1441809,-666,-504,82,341.57657,0.092298783,320.66965,6.3985271,49.610172,1.0196375,102.5396,215.65076,1370.8557,31348,0.54501659,1.1473182,0.23976608,1.2666106,6.5174718,1.0497751,0.89425147,1.9318181,397,2.2198062
1507335,-664,-524,110,433.35519,0.17704158,154.45587,10.700409,44.756947,0.75957888,62.401375,175.38373,1799.8434,42920,0.65821517,1.1365651,0.35598704,1.5753384,6.3288083,1.0193869,0.88982934,1.9595959,397,1.9741832
1507336,-664,-522,116,446.79868,0.15613991,167.12639,10.440346,44.752106,2.7595787,72.956322,189.62863,1945.0446,49404,0.65697151,1.1935458,0.36137071,1.4688944,6.7554693,1.0881096,0.89971077,1.8989899,397,2.0182812
1507337,-664,-520,121,478.20493,0.11302061,174.69006,3.378859,47.743011,4.7595787,120.72095,230.58611,2143.0867,58828,0.6141873,1.3240389,0.34084508,1.316187,7.5865841,1.2219779,0.91783792,1.800505,397,2.0666308
1507338,-664,-518,90,347.45795,0.090039842,358.60828,5.8838878,47.674557,4.5442028,93.168236,220.21085,1139.4938,24352,0.64194757,1.1012328,0.26865673,1.3300686,6.5529895,1.055496,0.89507449,1.9267677,397,2.15942
1507339,-664,-516,64,247.95158,0.34865722,307.49213,1.7373163,17.61842,3.042239,28.856894,94.534218,490.9841,4516,0.82192463,0.75280458,0.27118644,1.7735037,4.5721426,0.73643917,0.84365273,2.3282828,397,2.082134
1507340,-664,-514,59,226.50385,0.36928988,287.81619,3.0394487,16.634378,1.4499028,28.194462,87.792824,462.27939,4328,0.8392753,0.70496744,0.25106382,1.7557424,4.5205774,0.72813344,0.84212822,2.3434343,397,2.1064129
1507341,-664,-512,55,208.06088,0.38671622,280.51559,4.3782854,16.641006,0.6025185,33.825253,82.225014,449.79498,4420,0.86195284,0.66628993,0.23706897,1.7425895,4.4618683,0.71867716,0.84037799,2.3611112,397,2.1289132
1507342,-664,-510,43,170.86052,0.37185511,294.09174,5.0694275,17.28783,0.58348882,35.129372,75.986931,361.83804,3780,0.86489481,0.52236974,0.19026549,1.6920097,4.3176789,0.69545245,0.83601171,2.4065657,397,2.2008586
1507343,-664,-508,64,246.25911,0.17214246,318.48856,3.880686,30.831509,0.61209822,56.562996,134.07787,614.36584,7836,0.60218257,0.86606568,0.24615385,1.7248893,4.8098941,0.77473402,0.8505345,2.2626262,397,2.0765138
1507344,-664,-506,94,378.42166,0.10017905,289.9509,3.7727723,46.17944,2.2536221,105.69955,217.87354,1525.2739,36744,0.48661634,1.3091744,0.27011493,1.278474,6.8517013,1.1036097,0.90188217,1.8863636,397,2.172013
1507345,-664,-504,100,395.05716,0.090036981,293.12036,5.8923478,47.610168,1.098631,109.57755,234.81424,1677.0494,38596,0.46202019,1.3972105,0.2857143,1.2872057,7.0115075,1.1293498,0.90544409,1.8661616,397,2.1475062
1572871,-662,-524,109,431.87387,0.17812721,157.97371,12.418939,46.745861,0.75999838,61.922661,174.54936,1845.823,46760,0.66038054,1.1242867,0.35275081,1.5731711,6.3121972,1.0167114,0.88943583,1.9621212,397,1.9778997
1572872,-662,-522,114,443.11353,0.16847526,168.85446,12.364079,46.744099,2.7599983,65.448318,181.8002,1960.7085,52824,0.662009,1.1747333,0.36893204,1.5834941,6.3961358,1.0302314,0.89141732,1.949495,397,1.9597838
1572873,-662,-520,123,482.5524,0.1132628,176.1857,5.5950928,46.961311,3.6284945,120.92359,231.38409,2243.6116,63672,0.61388779,1.3411237,0.34647888,1.3208702,7.6347528,1.2297366,0.9188478,1.7954545,397,2.0582175
1572874,-662,-518,97,378.95685,0.095128149,322.1174,1.1992406,46.70068,2.5784082,94.586464,223.74084,1334.118,30552,0.59858245,1.1597904,0.27714285,1.2770036,6.9507141,1.1195579,0.90409541,1.8737373,397,2.1628745
1572875,-662,-516,63,247.13348,0.32268327,219.57797,2.1407428,21.584705,2.5022159,30.844143,98.10305,500.55588,4940,0.82539684,0.73929155,0.25609756,1.7566189,4.6517353,0.74925917,0.84598309,2.3055556,397,2.080066
1572876,-662,-514,55,218.11993,0.36693525,231.66986,3.2456031,19.230694,2.5048726,28.413975,86.42868,420.26645,3920,0.86329967,0.66451985,0.23206751,1.7367433,4.5036464,0.72540635,0.84162509,2.3484848,397,2.1251078
1572877,-662,-512,53,209.2738,0.3895421,242.93539,4.4256239,18.913603,2.5075295,29.953857,82.16468,423.54111,4180,0.86211902,0.64859229,0.22844827,1.7339391,4.4453735,0.71602035,0.83988345,2.3661616,397,2.1393008
1572878,-662,-510,56,209.74455,0.3685396,249.12714,5.4831448,19.473818,2.5101862,34.442425,84.56842,494.98221,5500,0.80454546,0.68803447,0.23728813,1.7422862,4.5036464,0.72540635,0.84162509,2.3484848,397,2.1206131
1572879,-662,-508,64,243.60172,0.23699972,246.16649,5.2208338,19.667629,2.5128429,43.980614,113.65046,591.65851,6900,0.62847221,0.82073951,0.24710424,1.7270836,4.8002934,0.77318764,0.85026115,2.2651515,397,2.0763931
1572880,-662,-506,92,373.24493,0.096861012,288.0065,4.0320196,47.737396,2.6839888,107.16353,220.05305,1317.6423,27552,0.51194459,1.2788846,0.26666668,1.2887882,6.7554693,1.0881096,0.89971077,1.8989899,397,2.1732335
1572881,-662,-504,103,413.32574,0.092554815,269.1398,5.8055425,48.728607,1.1693714,108.59352,236.89268,1742.8014,41088,0.45707214,1.4277655,0.29597703,1.3088257,7.0320091,1.132652,0.9058972,1.8636364,397,2.1262505
1638407,-660,-524,110,432.32733,0.17677464,160.49693,14.136426,48.73597,0.76041788,62.248718,175.30783,1933.6758,51604,0.64553797,1.1879469,0.35598704,1.5753384,6.3288083,1.0193869,0.88982934,1.9595959,397,1.9741832
1638408,-660,-522,112,441.60397,0.17129569,170.02606,14.217317,48.736748,2.7604179,64.470604,179.98993,1990.3235,56444,0.66570139,1.1536063,0.36245954,1.5795184,6.3622942,1.0247804,0.89062053,1.9545455,397,1.9668907
1638409,-660,-520,127,485.43542,0.11260644,176.75188,7.733839,48.945118,2.6766365,121.49664,232.74966,2411.4126,71004,0.6015498,1.3937911,0.35774648,1.329693,7.7329488,1.245553,0.92089361,1.7853535,397,2.0418727
1638410,-660,-518,105,401.37897,0.098596767,199.64018,3.0428357,49.146835,0.80411416,95.590996,226.17828,1614.2693,40716,0.57673991,1.2242069,0.29661018,1.2784327,7.2004404,1.1597815,0.90958703,1.8434343,397,2.1363206
1638411,-660,-516,58,222.03253,0.31943339,188.18774,5.3940096,25.627981,0.50221753,31.847336,93.459419,522.98871,6048,0.82395643,0.68923581,0.23868313,1.7411097,4.5808516,0.7378419,0.84390908,2.3257575,397,2.1062658
1638412,-660,-514,54,208.57558,0.36603948,203.49368,5.3609653,22.486643,0.50487435,28.699741,84.619934,468.3447,5040,0.83368272,0.65651953,0.23076923,1.7360743,4.4701619,0.72001302,0.84062618,2.3585858,397,2.1324577
1638413,-660,-512,53,205.74916,0.38113382,217.55905,5.912962,21.493099,0.50753117,29.402187,82.363579,468.07809,5112,0.83309144,0.65162349,0.22844827,1.7339391,4.4453735,0.71602035,0.83988345,2.3661616,397,2.1393008
1638414,-660,-510,55,211.46265,0.3687239,226.02281,6.8212333,21.666178,0.51018798,32.20406,84.892853,517.52802,6016,0.77912456,0.68252188,0.2360515,1.7415173,4.4701619,0.72001302,0.84062618,2.3585858,397,2.128063
1638415,-660,-508,64,234.45174,0.31453937,226.84685,7.9101443,22.385431,0.51284474,34.708855,96.781906,678.52057,8836,0.65426588,0.81492287,0.25498009,1.7520113,4.7063546,0.75805676,0.8475666,2.2904041,397,2.073606
1638416,-660,-506,93,368.99072,0.093559965,277.44434,4.1244607,49.422913,1.0708774,107.17741,222.62177,1271.5264,23768,0.52103788,1.2849547,0.28971961,1.5882682,5.9235153,0.95410591,0.88002461,2.0252526,397,2.0265286
1638417,-660,-504,106,425.63635,0.092121229,248.78195,6.5648131,50.614178,1.2081949,101.25261,240.9597,1821.4065,44236,0.45103323,1.4602619,0.30459771,1.3180267,7.0942392,1.1426755,0.90726715,1.8560606,397,2.1118238
1703943,-658,-524,104,414.13284,0.16428943,164.91556,16.207207,50.727085,0.75636262,75.589615,177.97949,1947.8711,55964,0.657767,1.1500703,0.33656958,1.5615548,6.230433,1.0035415,0.88748872,1.9747474,397,1.9971918
1703944,-658,-522,104,409.99173,0.16324121,174.48245,16.857759,50.729977,2.756357,76.099579,177.65506,1963.9012,60188,0.69025391,1.0910884,0.33656958,1.5615548,6.230433,1.0035415,0.88748872,1.9747474,397,1.9971918
1703945,-658,-520,111,430.4577,0.11405794,185.66547,10.629177,50.930191,2.6274514,123.111,217.7747,2313.7991,74388,0.70040947,1.1609994,0.34579438,1.4579912,6.6619034,1.0730388,0.89757991,1.9116162,397,2.0374539
1703946,-658,-518,84,337.39066,0.10561761,208.94904,7.1739564,51.173786,0.62745321,92.881271,200.35645,1498.641,42440,0.71543318,0.88194108,0.26332289,1.3847066,6.1665311,0.9932487,0.88595515,1.9848485,397,2.1584496
1703952,-658,-506,52,216.45898,0.085102744,19.536943,3.95101,51.225857,0.94129229,91.342293,178.78084,634.25885,10676,0.92609352,0.78887802,0.22413793,1.6965681,4.4868417,0.72269964,0.84112442,2.3535354,397,2.1611333
1703953,-658,-504,85,354.92697,0.076964714,226.88892,6.1561842,52.510963,1.2470182,121.76544,240.72911,1533.391,41320,0.49607843,1.2386482,0.24425288,1.2438116,6.6804085,1.0760194,0.89800292,1.9090909,397,2.2216911
1769479,-656,-524,102,410.76376,0.14534496,166.08232,17.457266,52.719067,0.75480199,86.017441,188.4521,1992.3108,59156,0.65424192,1.2379618,0.33663365,1.5755728,6.1039267,0.98316497,0.88444245,1.9949495,397,2.0015013
1769480,-656,-522,100,406.22684,0.16589282,174.79314,18.091688,52.723717,2.754802,74.246948,175.41852,1995.6401,64280,0.69131315,1.1463277,0.330033,1.5705584,6.0730987,0.97819948,0.88369381,2,397,2.0094793
1769481,-656,-520,114,434.01266,0.10046128,183.70445,12.36282,52.916389,2.6247947,135.43567,233.00046,2430.5342,80244,0.66247475,1.3224689,0.35294119,1.4572847,6.7554693,1.0881096,0.89971077,1.8989899,397,2.0277946
1769482,-656,-518,88,340.66501,0.10396006,202.12775,9.5962029,53.183628,0.62479639,95.988617,202.92494,1743.5452,53816,0.72126436,0.91084701,0.27586207,1.3991696,6.230433,1.0035415,0.88748872,1.9747474,397,2.1379302
1769488,-656,-506,53,214.79068,0.16395314,31.07007,2.6105855,32.194851,0.9439491,40.809181,128.30771,630.92334,10184,0.88896954,0.83963323,0.22844827,1.7010267,4.4952283,0.72405046,0.8413744,2.3510101,397,2.1557889
1769489,-656,-504,73,305.48148,0.075561129,216.37831,4.6734571,54.387848,1.2858416,108.14098,225.39702,1231.2087,33264,0.59855402,1.1769646,0.212828,1.2206584,6.3791699,1.0274987,0.89101821,1.9520202,397,2.2773867
1835015,-654,-524,101,410.33212,0.17772815,166.89116,19.143415,54.711792,0.75480199,60.500332,170.33134,2126.4932,66316,0.65089107,1.2125164,0.33223686,1.5700537,6.1039267,0.98316497,0.88444245,1.9949495,397,2.0059724
1835016,-654,-522,101,413.90649,0.17997609,173.85727,19.488255,54.717915,2.711947,60.399143,169.99989,2131.7026,70940,0.6641584,1.2073737,0.33223686,1.5700537,6.1039267,0.98316497,0.88444245,1.9949495,397,2.0059724
1835017,-654,-520,117,450.78998,0.10304266,179.75797,14.227959,54.903587,2.7298625,124.44667,234.46797,2540.3406,84580,0.62157381,1.4304643,0.33428571,1.3365537,7.3771386,1.1882423,0.91339767,1.8232323,397,2.0680385
1835018,-654,-518,100,398.09735,0.094725929,191.26614,10.00066,55.161201,1.3660654,99.91568,229.808,1905.7563,58144,0.60242426,1.281353,0.28653294,1.2932341,6.9911256,1.1260669,0.90499282,1.8686869,397,2.1442528
1835019,-654,-516,27,116.15664,0.32088625,92.42939,0.69483012,14.36854,1.2135162,22.174429,67.445259,175.3045,1372,0.87464386,0.51281226,0.13636364,1.6124375,4.0015759,0.64453745,0.826078,2.5176768,397,2.3414638
1835020,-654,-514,24,101.69638,0.35558167,344.87994,0.55467522,12.628536,1.2108594,19.38365,59.949837,150.90755,1136,0.95289856,0.47986093,0.12631579,1.5914288,3.9296522,0.63295263,0.82374305,2.5454545,397,2.377661
1835021,-654,-512,23,99.6745,0.35512328,292.75793,1.7453014,13.076642,1.2082026,19.29554,59.389191,152.46979,1264,0.97628456,0.46927744,0.12105263,1.5843171,3.9232416,0.6319201,0.82353354,2.5479798,397,2.3853695
1835022,-654,-510,25,102.64356,0.33504552,285.24622,3.09536,14.998014,1.2055459,20.366108,62.046726,179.67995,1668,0.8433333,0.50901735,0.12376238,1.5859854,4.0283871,0.64885598,0.82694101,2.5075758,397,2.3574181
1835023,-654,-508,33,126.23128,0.24423869,298.36716,3.4383502,16.969374,1.2028891,28.588493,80.590004,260.73199,2708,0.64583331,0.65484387,0.15566038,1.634885,4.1536222,0.66902763,0.83092082,2.4621212,397,2.2856822
1835024,-654,-506,67,275.00214,0.1399561,282.82144,1.574632,30.249031,1.5286007,45.803925,157.13649,793.17651,12252,0.63048393,1.1670043,0.23103449,1.6320726,5.1942701,0.83664578,0.86118829,2.1691918,397,2.0895975
1835025,-654,-504,79,330.76682,0.07694827,229.93915,5.2125373,56.069454,1.324665,99.285271,232.41623,1260.7672,31352,0.53424215,1.3076829,0.22701149,1.2181664,6.5708938,1.0583798,0.8954882,1.9242424,397,2.2571299
1900551,-652,-524,100,403.83121,0.18298195,168.35698,21.192667,56.70517,0.69411182,59.283947,166.53317,2260.3923,73740,0.65676767,1.1942356,0.32894737,1.5675014,6.0884738,0.98067594,0.88406748,1.9974748,397,2.0100088
1900552,-652,-522,98,406.75446,0.18583536,174.57237,21.595213,56.712521,0.71202731,59.403564,165.84673,2214.3564,76140,0.67136544,1.1711645,0.32236841,1.5622333,6.0578012,0.97573555,0.88332134,2.0025253,397,2.0182312
1900553,-652,-520,106,403.10852,0.13815649,180.39316,20.376793,56.891685,0.72994274,92.733894,191.48303,2395.9165,84832,0.67044026,1.2399001,0.33544305,1.4638883,6.4823375,1.0441159,0.89343441,1.9368687,397,2.0529761
1900554,-652,-518,103,401.80939,0.0958011,189.27953,12.370752,57.140335,0.67556113,99.864685,229.57771,2083.752,66196,0.59775364,1.3090307,0.29428571,1.2969481,7.0733738,1.1393148,0.90680867,1.8585858,397,2.1325531
1900555,-652,-516,40,153.61374,0.27618703,193.46231,4.6216097,22.256504,0.66016591,29.698015,83.602318,346.24316,3776,0.70769233,0.64750898,0.1923077,1.6875801,4.1608081,0.67018515,0.83114666,2.4595959,397,2.2401795
1900556,-652,-514,28,116.62183,0.34622461,208.78462,2.6221406,14.858696,0.64758146,21.2162,65.060272,198.30292,1688,0.84126985,0.52783358,0.13861386,1.6184543,4.0351462,0.64994466,0.82715797,2.5050504,397,2.3280163
1900557,-652,-512,26,108.74202,0.35560164,231.97867,3.0966775,14.868218,0.63499701,19.986168,61.990017,184.83061,1628,0.88923079,0.50638008,0.13131313,1.6056552,3.9949288,0.64346677,0.82586342,2.5202019,397,2.3488829
1900558,-652,-510,28,108.56982,0.33986375,243.42357,4.1453247,16.098516,0.62241262,20.586561,63.358822,216.56659,2152,0.80423278,0.53975999,0.13725491,1.6178885,4.0487328,0.65213299,0.82759333,2.5,397,2.3251648
1900559,-652,-508,31,125.30833,0.2559911,237.43285,4.8174505,17.713594,0.60982817,27.456539,78.430046,261.53223,2860,0.69462365,0.58197427,0.14351852,1.6309233,4.1536222,0.66902763,0.83092082,2.4621212,397,2.2891736
1900560,-652,-506,68,275.92538,0.13996772,226.62802,2.4669802,29.722769,0.92724985,48.309231,157.39351,823.23602,12944,0.61018437,1.1648055,0.23448277,1.6364017,5.2055135,0.83845675,0.86149174,2.1666667,397,2.0840847
1900561,-652,-504,75,321.43732,0.075280041,224.91229,5.5892768,57.834278,1.5241485,98.88295,231.63979,1094.7311,23280,0.55891889,1.2590613,0.2173913,1.2182262,6.4475794,1.0385175,0.89262325,1.9419192,397,2.2714224
1966090,-650,-518,87,332.35898,0.10960121,192.81024,17.28673,59.120872,0.063047387,105.18938,195.20952,2123.1777,74196,0.77225339,0.85869747,0.27187499,1.391654,6.230433,1.0035415,0.88748872,1.9747474,397,2.1443975
1966096,-650,-506,47,196.79535,0.17325987,156.64131,4.0093608,30.958632,0.5327214,45.065514,119.47124,588.02448,9924,0.96484739,0.691405,0.2034632,1.6739185,4.4371719,0.71469927,0.83963704,2.3686869,397,2.1900661
1966097,-650,-504,56,248.94266,0.075016446,193.53835,5.2736483,59.655106,1.834147,97.320282,204.20969,841.82172,19828,0.82662338,0.85691291,0.19310345,1.5796005,5.0737281,0.81722999,0.85790628,2.1969697,397,2.1548085
2031626,-648,-518,85,318.61615,0.10686702,191.05531,19.971643,61.10268,0.058911007,109.13117,193.56061,2260.0161,83820,0.77731091,0.83614898,0.265625,1.3843917,6.1983175,0.99836856,0.88671935,1.979798,397,2.1546974
2031632,-648,-506,44,188.32256,0.17712778,163.37909,5.8689289,31.881413,0.29285386,43.733227,115.58801,558.67853,9676,0.99577165,0.63552338,0.19469027,1.6633509,4.3726311,0.70430362,0.83768731,2.3888888,397,2.2126365
2031633,-648,-504,54,232.77702,0.076381803,187.86275,5.9127903,61.515076,2.1377947,93.670341,195.69514,819.92322,19064,0.86862332,0.80640239,0.18815331,1.5805542,5.0207663,0.80869937,0.8564477,2.2095959,397,2.1626217
2031634,-648,-502,68,270.93878,0.082013316,204.14621,10.320092,62.585663,0.1596064,124.25935,203.75034,1371.2421,43492,0.6093064,1.1077832,0.20543806,1.2615932,6.1039267,0.98316497,0.88444245,1.9949495,397,2.2749686
2097162,-646,-518,82,308.27792,0.10382278,189.6674,22.430605,63.085636,0.054774627,113.91097,193.1656,2321.4343,90116,0.79644686,0.80260533,0.25545171,1.3689314,6.1665311,0.9932487,0.88595515,1.9848485,397,2.1721287
2097169,-646,-504,50,224.24013,0.075182289,184.78119,6.7106152,63.403278,1.8778058,93.505272,193.59932,699.71136,13464,0.957551,0.75490379,0.21645021,1.6883436,4.4618683,0.71867716,0.84037799,2.3611112,397,2.1730411
2097170,-646,-502,67,265.17896,0.083837219,200.43375,10.914922,64.350121,0.45417508,118.85677,199.36826,1354.5255,42204,0.64993215,1.0663235,0.20180723,1.2515739,6.1039267,0.98316497,0.88444245,1.9949495,397,2.2839398
2162698,-644,-518,79,299.1308,0.10076681,188.59729,24.59082,65.069633,0.050638251,118.92391,193.14201,2371.6191,96792,0.80038947,0.77426159,0.24610592,1.3570144,6.1194582,0.98566669,0.88481873,1.9924242,397,2.1885395
2162700,-644,-514,41,169.01947,0.28635535,22.197369,11.876448,27.876295,0.13547711,42.351048,86.123299,485.99686,7300,0.91097564,0.86143631,0.54666668,1.9591919,2.6991551,0.43475533,0.77819061,3.25,397,2.5229769
2162701,-644,-512,44,178.5854,0.27021453,10.497345,11.462288,27.679314,1.7912476,27.003872,91.132553,540.9184,8804,0.85306555,0.99177361,0.58666664,1.9559165,2.7082739,0.4362241,0.77857721,3.2424242,397,2.5271144
2162702,-644,-510,44,180.4673,0.2099757,358.61209,11.07203,28.379547,1.4019397,46.564064,103.92492,533.57666,8616,0.79704016,1.0293738,0.31884059,1.5965706,3.7401977,0.60243702,0.81744826,2.6237373,397,2.4419951
2162705,-644,-504,49,220.53409,0.13868925,183.15523,8.1770077,39.58744,1.4213427,43.097153,141.35832,734.21606,15264,0.9855442,0.72419262,0.21212122,1.6836302,4.4536057,0.71734631,0.84013039,2.3636363,397,2.1786249
2162706,-644,-502,66,259.5578,0.083908282,197.59413,11.58984,66.15818,0.76619589,115.40197,197.16034,1326.2098,40732,0.66993004,1.0594778,0.20183486,1.2712873,6.0123677,0.96841753,0.88221145,2.0101011,397,2.2783024
2228234,-642,-518,76,292.01614,0.098155871,187.75438,26.28273,67.054581,0.046501871,118.8875,193.35269,2386.1619,101056,0.8091228,0.74380362,0.23676012,1.3445463,6.0730987,0.97819948,0.88369381,2,397,2.2054601
2228236,-642,-514,41,168.15582,0.2803297,28.152359,9.9015665,25.897142,0.13667487,42.371979,86.821312,425.43716,5804,0.90121949,0.85132509,0.36936936,1.9969715,3.1396177,0.50570107,0.79590327,2.9343433,397,2.2954185
2228237,-642,-512,45,190.77097,0.23107183,11.081256,9.2043629,25.683002,2.1366746,34.009121,101.85622,457.08609,6452,0.83333331,0.99906218,0.32608697,1.5992364,3.7460237,0.60337538,0.81764507,2.621212,397,2.4388394
2228238,-642,-510,45,189.48969,0.21839073,356.86993,8.8812218,26.438181,2.3107805,43.049129,104.41927,461.65656,6552,0.81212121,1.0208571,0.32608697,1.5992364,3.7460237,0.60337538,0.81764507,2.621212,397,2.4388394
2228239,-642,-508,41,163.77409,0.27898926,336.59091,8.1896906,26.040705,0.35539523,35.525486,85.88826,406.73352,5324,0.81829268,0.92210853,0.29927006,1.5917621,3.711338,0.59778857,0.81647015,2.6363637,397,2.4521103
2228241,-642,-504,49,219.31667,0.14094532,182.35648,10.019424,40.900204,0.96487963,43.217422,139.83485,785.88104,17544,0.9855442,0.72419262,0.21212122,1.6836302,4.4536057,0.71734631,0.84013039,2.3636363,397,2.1786249
2228242,-642,-502,64,254.54962,0.083454087,195.24103,12.382451,67.999397,0.97253865,112.65395,195.77956,1228.2892,35004,0.68948412,1.0500284,0.19814241,1.2798713,5.9235153,0.95410591,0.88002461,2.0252526,397,2.2825813
2293770,-640,-518,85,331.21127,0.083904117,184.76041,23.759676,69.040398,0.94753242,134.08353,222.7234,2491.0537,107596,0.61820728,0.99718398,0.25297618,1.3111261,6.4649115,1.0413091,0.89302808,1.939394,397,2.1863685
2293771,-640,-516,31,138.1543,0.26291588,48.690407,8.8400955,23.634731,0.95053005,46.132694,81.260353,317.65594,4320,0.76129031,0.60285282,0.17127071,1.5917759,3.9555051,0.63711679,0.82458574,2.5353534,397,2.3731573
2293772,-640,-514,42,185.1196,0.26661441,35.316936,7.1010742,22.196798,0.96419001,37.66164,93.409134,360.96686,4272,0.82810688,0.87287664,0.23333333,1.6456136,4.0216508,0.64777088,0.82672459,2.5101011,397,2.314055
2293773,-640,-512,47,200.71234,0.23817655,13.727976,7.0792809,23.687397,2.3406191,28.891413,102.90642,419.78229,5248,0.80296022,1.0293164,0.3263889,1.623426,3.793292,0.61098897,0.81923413,2.6010101,397,2.4043148
2293774,-640,-510,48,193.94472,0.22533382,355.77866,6.78861,23.976606,2.4833279,37.055519,103.99937,440.5267,5588,0.77482271,1.0756773,0.33333334,1.6259704,3.7992845,0.61195421,0.81943458,2.5984848,397,2.4012487
2293775,-640,-508,41,167.24474,0.28059441,329.42465,6.3719826,24.078791,0.48396489,31.451567,86.54493,358.25977,4172,0.81829268,0.92210853,0.29927006,1.5917621,3.711338,0.59778857,0.81647015,2.6363637,397,2.4521103
2293777,-640,-504,49,218.41985,0.14180924,181.81197,11.87946,42.507671,0.50841659,47.460907,139.12292,833.87018,19744,0.95493197,0.72828621,0.21212122,1.6836302,4.4536057,0.71734631,0.84013039,2.3636363,397,2.1786249
2293778,-640,-502,61,250.53987,0.082554273,193.295,13.256776,69.86631,1.0070171,111.97195,195.28711,1199.9744,35536,0.73169398,0.94933867,0.20401338,1.567687,5.2281461,0.84210217,0.86210132,2.1616161,397,2.1409872
2359306,-638,-518,77,306.80841,0.08148855,184.88136,26.796188,71.027016,0.73095083,137.74637,217.51553,2438.3328,112548,0.64456594,0.88627934,0.22916667,1.2778057,6.3288083,1.0193869,0.88982934,1.9595959,397,2.2322516
2359308,-638,-514,41,173.42274,0.31414947,52.533909,6.3486319,20.812611,0.86362803,35.151981,83.289413,347.46976,3948,0.80365855,0.86177289,0.22777778,1.6412492,4.0149369,0.64668947,0.82650858,2.5126262,397,2.319067
2359309,-638,-512,47,204.23589,0.23965189,22.175697,5.5496135,21.692724,2.5774343,30.453732,103.48575,386.88336,4336,0.81961149,1.0279573,0.26256984,1.6644199,4.0487328,0.65213299,0.82759333,2.5,397,2.2936692
2359310,-638,-510,48,196.01956,0.23023774,356.70813,4.9067769,21.777922,2.533798,37.478096,103.43473,397.63998,4456,0.79609931,1.0802342,0.33566433,1.622867,3.793292,0.61098897,0.81923413,2.6010101,397,2.4059217
2359311,-638,-508,43,176.88631,0.20569883,325.89557,5.0020761,22.124718,0.53443491,48.370758,103.95278,357.75751,3924,0.81063122,1.0035622,0.3028169,1.6061959,3.7577298,0.60526097,0.81803989,2.6161616,397,2.426697
2359313,-638,-504,49,217.44183,0.14176293,181.39613,13.788379,44.230324,0.051953487,48.135818,138.83379,897.7395,22664,0.95493197,0.72828621,0.21212122,1.6836302,4.4536057,0.71734631,0.84013039,2.3636363,397,2.1786249
2359314,-638,-502,60,248.22308,0.081605114,191.75424,14.125486,71.753471,1.030465,111.5155,195.50925,1185.1006,34676,0.73389828,0.94153357,0.2027027,1.5756283,5.1830759,0.83484268,0.86088568,2.1717172,397,2.1409323
2424842,-636,-518,62,250.85054,0.083554424,185.71483,29.923109,73.014359,0.33465886,127.18213,194.23511,2152.3303,103524,0.81068218,0.62145805,0.19374999,1.2830226,5.8514528,0.9424988,0.87823492,2.0378788,397,2.289675
2424844,-636,-514,19,76.752281,0.60419267,142.43506,4.9614711,11.128531,0.27694881,10.853036,39.954239,108.50119,700,1,0.42521027,0.32203391,1.8475304,2.5315232,0.40775475,0.77091342,3.3989899,397,2.6684308
2424845,-636,-512,49,207.62605,0.242525,38.229198,4.6915011,19.699312,1.2531548,30.735212,103.72121,391.24643,4008,0.8069728,1.0758332,0.4375,2.0117702,3.1769447,0.51171333,0.79732221,2.9116161,397,2.2787187
2424846,-636,-510,48,200.651,0.20176227,4.2220726,3.2800045,19.794477,2.5842681,44.891602,111.79069,361.43002,3476,0.80851066,1.0534005,0.26815644,1.6681019,4.0555601,0.65323269,0.82781172,2.4974747,397,2.2893212
2424847,-636,-508,48,188.36557,0.16632928,320.00275,3.6748703,20.53912,0.58490491,55.266022,119.29475,400.93234,4264,0.74290782,1.1244551,0.31578946,1.6488492,3.8479154,0.61978722,0.8210535,2.5782828,397,2.365684
2424850,-636,-502,61,249.22818,0.080652095,190.70107,14.824659,73.656815,1.0412853,111.91089,197.05873,1259.6947,38836,0.71530056,0.95834726,0.2053872,1.5763373,5.2055135,0.83845675,0.86149174,2.1666667,397,2.1368124
2490378,-634,-518,57,230.01773,0.0774187,185.12134,29.605305,75.002373,0.33667564,127.18378,193.2247,1947.8772,93344,0.81203008,0.5854854,0.17812499,1.2561897,5.7811227,0.9311707,0.87647396,2.0505052,397,2.3234959
2490381,-634,-512,49,213.72383,0.29133868,60.369465,3.8944631,17.707664,1.2272253,25.011534,96.013512,381.91263,3572,0.80867344,1.0348823,0.43362832,2.0157533,3.1811471,0.5123902,0.79748124,2.909091,397,2.2735772
2490382,-634,-510,50,213.90877,0.25968182,32.049763,2.1398656,17.815411,2.9022095,33.594662,101.74157,372.69446,3372,0.80408162,1.0780215,0.44642857,2.0125611,3.1811471,0.5123902,0.79748124,2.909091,397,2.2778175
2490383,-634,-508,50,201.49631,0.169011,305.02682,2.4190004,18.252068,1.4177672,55.499523,122.39988,382.06131,3456,0.76408166,1.1147634,0.3267974,1.6959714,3.8295336,0.61682642,0.82044327,2.5858586,397,2.3303196
2490386,-634,-502,62,264.51614,0.077730156,191.46964,14.49896,75.573265,1.0521055,117.17812,206.7932,1180.3184,32044,0.69910103,0.97989964,0.25203252,1.7221961,4.6971622,0.75657618,0.84730101,2.2929294,397,2.0984766
2555914,-632,-518,53,216.33875,0.072949179,184.60114,29.018204,76.931755,0.33869243,127.15423,193.04648,1796.4254,86276,0.81712627,0.55600625,0.16562501,1.2333276,5.7260647,0.92230237,0.87508535,2.060606,397,2.3518674
2555917,-632,-512,51,215.23305,0.29900604,88.642281,3.6457655,15.718596,1.2308139,21.269321,95.108521,396.41006,3600,0.7835294,1.074754,0.45132744,2.0173206,3.189585,0.51374936,0.79780006,2.9040403,397,2.2717791
2555918,-632,-510,57,229.77257,0.21796903,80.43515,1.1507998,15.842697,3.2308106,41.433533,115.09505,417.19382,3624,0.72368419,1.2307605,0.36774194,1.7170781,3.8852134,0.62579483,0.82228565,2.5631313,397,2.3021011
2555919,-632,-508,57,232.12816,0.22415668,269.62189,0.96189988,15.793602,1.5338449,39.044743,114.07567,413.9545,3580,0.71929824,1.2068814,0.36305732,1.6479017,3.9685595,0.63921946,0.82500976,2.530303,397,2.3409519
2555920,-632,-506,37,153.87283,0.28015572,340.16577,4.9922628,16.874773,0.17778468,37.288227,83.078026,260.8309,2264,0.7882883,0.77875358,0.23717949,1.5840093,3.8356414,0.61781019,0.82064623,2.5833333,397,2.418123
2555921,-632,-504,39,170.70473,0.20248611,322.13913,4.6749139,18.288738,0.17707893,40.341866,102.92719,279.13297,2452,0.74089068,0.79143941,0.23493975,1.6121225,3.9104831,0.62986505,0.82311577,2.5530303,397,2.3727343
2555922,-632,-502,78,324.0845,0.12947083,199.06654,12.781818,52.054234,1.0110828,73.911423,177.3569,1406.6997,37884,0.55477858,1.3222626,0.28158844,1.7167361,5.1719294,0.83304733,0.8605839,2.1742425,397,2.0209129
2621450,-630,-518,54,213.82602,0.071469538,184.03362,27.247194,78.874008,0.34070918,123.65734,193.89862,1798.257,87428,0.7386443,0.79124296,0.16875,1.2391638,5.7397308,0.92450356,0.87543088,2.0580809,397,2.3446605
2621453,-630,-512,54,227.78824,0.23139116,114.11218,3.5388658,16.126085,1.2344024,33.339615,111.22366,422.73672,3936,0.74213839,1.1481376,0.34838709,1.7108072,3.8664744,0.62277651,0.82166761,2.5707071,397,2.310076
2621454,-630,-510,56,238.48651,0.23478664,151.41142,1.8586388,16.327538,3.2343993,37.716034,112.97963,410.70737,3660,0.72987014,1.186347,0.3566879,1.6458399,3.9620216,0.63816643,0.82479751,2.5328283,397,2.3436322
2621455,-630,-508,57,236.9471,0.25059649,207.24629,2.273248,16.944695,2.6579111,34.71384,109.00417,416.43665,3756,0.72368419,1.1987228,0.36305732,1.6479017,3.9685595,0.63921946,0.82500976,2.530303,397,2.3409519
2621456,-630,-506,56,236.19719,0.22740553,247.10023,3.0896018,17.766733,2.1777844,49.533081,114.24621,428.30969,4124,0.70194805,1.2038015,0.34782609,1.6564333,3.9883037,0.64239967,0.82564932,2.5227273,397,2.3263505
2621457,-630,-504,49,241.10992,0.098905258,229.36194,3.8101132,39.865601,2.1770787,79.749054,175.02609,385.13638,3884,0.64030612,1.0027361,0.27071825,1.674445,4.0761814,0.65655422,0.82846975,2.4898989,397,2.2788613
2621458,-630,-502,80,341.50568,0.13072883,197.53467,14.057024,53.507156,0.96384817,70.67614,181.18333,1494.0198,42524,0.54525316,1.3609169,0.2846975,1.7120644,5.2395363,0.8439368,0.86240745,2.159091,397,2.0142789
2686986,-628,-518,74,300.5144,0.0687574,172.38214,18.454634,80.829826,0.92000669,133.29639,234.35696,1925.6891,84928,0.45242503,1.2986184,0.20385675,1.0904382,6.7554693,1.0881096,0.89971077,1.8989899,397,2.3527184
2686987,-628,-516,33,156.61568,0.33409098,69.629753,6.1935511,18.094538,0.86137998,21.239952,76.752083,282.53217,3020,0.66098487,0.88149118,0.2037037,1.5774919,3.8479154,0.61978722,0.8210535,2.5782828,397,2.4172554
2686988,-628,-514,34,155.59506,0.31329879,85.997978,5.2071953,16.140257,0.87013268,28.635904,78.999344,251.26772,2300,0.8573975,0.6434949,0.20987654,1.5823613,3.8540819,0.62078047,0.82125777,2.5757575,397,2.4118323
2686989,-628,-512,56,242.46526,0.24779229,140.06822,4.2632141,18.088352,1.5138431,22.483725,110.88832,450.74213,4484,0.71428573,1.1819638,0.34782609,1.6564333,3.9883037,0.64239967,0.82564932,2.5227273,397,2.3263505
2686990,-628,-510,57,239.77647,0.24404179,167.31012,3.8003535,18.269402,3.3522267,28.74865,111.11588,442.59854,4308,0.72619045,1.2132355,0.35403726,1.6586387,3.9949288,0.64346677,0.82586342,2.5202019,397,2.3235121
2686991,-628,-508,55,237.59793,0.27232164,194.09718,4.2743526,18.822996,3.6417019,25.336573,104.70928,425.36075,4220,0.73804712,1.1209699,0.3416149,1.6541278,3.9817007,0.64133608,0.8254357,2.5252526,397,2.3292854
2686992,-628,-506,58,243.62764,0.22073931,217.77589,4.4824023,19.566282,3.6417019,43.593185,117.7683,469.00363,4880,0.68300062,1.2440665,0.35365853,1.6683471,4.0216508,0.64777088,0.82672459,2.5101011,397,2.3080904
2686993,-628,-504,57,271.59363,0.10697386,210.52847,6.4407306,42.778637,3.4669819,69.852028,178.61827,502.19589,5760,0.61340851,1.1824104,0.31491712,1.6999379,4.1322117,0.66557902,0.83024633,2.469697,397,2.2478182
2686994,-628,-502,83,356.28131,0.11848566,196.8439,15.880505,55.049431,2.0449545,86.623169,194.3876,1597.7866,46888,0.51866001,1.4362029,0.29432625,1.7188697,5.2855983,0.85135603,0.86364079,2.1489899,397,2.0015981
2686995,-628,-500,34,153.19371,0.3289817,266.42551,8.3239861,20.156481,1.7261029,29.357695,76.49614,317.46317,3656,0.91443849,0.65558022,0.21250001,1.5786741,3.8417685,0.61879712,0.82084966,2.5808082,397,2.4187195
2752522,-626,-518,76,306.08768,0.068088293,170.32166,18.70093,82.795189,1.8902713,138.52022,237.67946,1845.3065,76376,0.4336842,1.3793495,0.20994475,1.1079158,6.7744989,1.0911746,0.90014178,1.8964647,397,2.3346205
2752523,-626,-516,39,176.16298,0.29231137,96.329071,5.9300933,18.131884,0.75381023,27.231785,87.024071,325.10205,3436,0.67341429,1.0127407,0.2392638,1.6066452,3.8915002,0.62680745,0.82249248,2.560606,397,2.3831031
2752524,-626,-514,40,179.80011,0.29359359,125.78414,7.0155931,20.482512,0.54819977,34.257294,87.725655,350.80246,3748,0.80128205,0.78849089,0.24844721,1.6068212,3.8852134,0.62579483,0.82228565,2.5631313,397,2.3855984
2752525,-626,-512,55,237.60493,0.2530674,151.51459,6.1806989,20.058073,0.62496156,23.288633,108.62119,487.4826,5440,0.73265994,1.1643978,0.3416149,1.6541278,3.9817007,0.64133608,0.8254357,2.5252526,397,2.3292854
2752526,-626,-510,55,231.44768,0.27470699,170.1608,6.1652694,20.222601,1.6417018,24.208183,102.89553,477.33688,5272,0.73265994,1.1288377,0.3416149,1.6541278,3.9817007,0.64133608,0.8254357,2.5252526,397,2.3292854
2752527,-626,-508,55,233.27275,0.29114598,187.87775,6.3756957,20.724087,1.6417018,24.004118,100.34171,483.46292,5436,0.73804712,1.1209699,0.3416149,1.6541278,3.9817007,0.64133608,0.8254357,2.5252526,397,2.3292854
2752528,-626,-506,58,242.41608,0.21389316,203.36662,6.5884533,21.401447,1.6417018,45.503845,119.34032,523.37347,6080,0.68360555,1.2019097,0.35151514,1.6707762,4.0283871,0.64885598,0.82694101,2.5075758,397,2.303962
2752529,-626,-504,60,288.48175,0.11231677,202.42982,8.8878555,45.025429,1.7312088,69.434937,179.65604,600.43402,7804,0.60847455,1.2490705,0.33149171,1.7079271,4.1536222,0.66902763,0.83092082,2.4621212,397,2.2376862
2752530,-626,-502,86,360.03867,0.13232397,195.49741,17.797953,56.745949,1.6328442,78.766914,184.90994,1751.5103,53180,0.49822161,1.5024667,0.30496454,1.7280936,5.3206797,0.85700667,0.86457533,2.1414142,397,1.9887086
2752531,-626,-500,38,178.7249,0.15957472,244.01053,9.2603245,25.879799,1.6328442,55.325363,118.6357,401.17303,5140,0.78520626,0.75008637,0.23602484,1.5985707,3.8727007,0.62377942,0.82187319,2.5681818,397,2.3949885
2818058,-624,-518,58,227.13591,0.054202061,179.93246,24.392132,84.767487,1.8881216,145.29973,229.4774,1574.2041,69288,0.51966125,1.0643874,0.18412699,1.2831895,5.7260647,0.92230237,0.87508535,2.060606,397,2.3072457
2818059,-624,-516,11,64.478081,0.37001669,279.04373,1.7842797,12.033312,0.51740396,12.161335,46.795094,40.925682,176,1,0.41157463,0.125,1.2624021,3.3080428,0.53282946,0.80221546,2.8358586,397,2.8593895
2818061,-624,-512,46,191.23996,0.2939266,158.46367,9.2911921,22.033251,0.3000899,33.44038,90.422142,486.56223,6280,0.78550726,0.96006441,0.40707964,2.0124087,3.1685734,0.51036495,0.797005,2.9166667,397,2.2772439
2818065,-624,-504,57,273.19476,0.11246338,195.99701,11.751865,47.152817,0.5478754,83.973724,174.71715,654.49872,9560,0.61904764,1.179395,0.31666666,1.6983485,4.1251235,0.66443741,0.83002251,2.4722223,397,2.2511625
2883594,-622,-518,51,195.2326,0.051213719,181.98347,27.415209,86.744934,1.8854413,140.04488,218.87086,1596.8322,76924,0.62039214,0.93059051,0.16139241,1.2391001,5.6454158,0.90931219,0.87303519,2.0757575,397,2.3584175
2883595,-622,-516,12,66.327629,0.31454518,221.58643,2.8251476,16.549976,0.51740396,14.69968,51.476692,49.171894,244,0.95454544,0.43766889,0.13186814,1.2832237,3.3263445,0.53577733,0.80288774,2.8257575,397,2.8345778
2883597,-622,-512,31,130.68399,0.33206895,172.86429,12.320309,24.012537,0.3000899,32.714325,70.323746,383.88779,5836,0.94623655,0.67328256,0.45588234,1.9067231,2.591538,0.41742134,0.77355689,3.3434343,397,2.6072938
2883601,-622,-504,40,203.36519,0.1094503,189.06447,15.982713,49.230576,0.55729192,85.567665,152.80402,579.9588,10232,0.61282051,0.83907193,0.30075186,1.5612246,3.6942353,0.59503382,0.81588805,2.6439395,397,2.4845145
2949130,-620,-518,48,185.49992,0.059193302,182.05301,28.596628,88.726311,1.8840662,120.4408,198.44516,1607.9906,81200,0.65336877,0.87472463,0.15533981,1.249751,5.515934,0.8884564,0.86970216,2.1010101,397,2.3682997
2949131,-620,-516,12,69.139954,0.27256113,202.86436,4.9876761,21.137598,0.51740396,17.177454,56.459564,58.897797,376,0.95454544,0.43766892,0.13186814,1.2832237,3.3263445,0.53577733,0.80288774,2.8257575,397,2.8345778
2949133,-620,-512,27,112.92875,0.3017481,174.30191,14.315456,25.994995,0.3000899,35.267895,68.578018,395.50934,6924,0.99715102,0.58820713,0.39705881,1.9027795,2.5804155,0.41562983,0.77307028,3.3535354,397,2.6096361
2949137,-620,-504,26,144.80705,0.082176186,183.68076,18.470116,51.282978,0.56670839,96.640045,148.80817,391.98782,7468,0.61846155,0.53857601,0.19548872,1.5048454,3.6164618,0.58250678,0.81321722,2.6792929,397,2.5469983
3014666,-618,-518,47,192.19879,0.050575487,180.73283,27.624641,90.710732,1.6373739,140.42891,218.52957,1627.2034,82856,0.65679926,0.86872584,0.15359478,1.2551858,5.4657888,0.88037956,0.8683973,2.1111112,397,2.3711648
3014667,-618,-516,12,75.630371,0.19149449,194.82503,6.9706945,25.760786,0.51740396,23.713522,70.449013,76.234894,612,0.95454544,0.43766892,0.13186814,1.2832237,3.3263445,0.53577733,0.80288774,2.8257575,397,2.8345778
3014669,-618,-512,26,113.44579,0.1986237,173.84779,14.696904,27.97995,0.3000899,44.930531,84.719536,430.61835,8316,1,0.56678247,0.38235295,1.901234,2.5776496,0.41518435,0.77294904,3.3560605,397,2.6107743
3014673,-618,-504,17,128.4754,0.047318447,184.31659,17.980185,53.32069,0.57612491,123.68321,184.71394,266.32211,5432,0.65441179,0.35061488,0.13076924,1.443007,3.5523591,0.5721817,0.81098574,2.7095959,397,2.6166773
